feature,importance,fold
CNT_CHILDREN,2289.738109588623,1
AMT_INCOME_TOTAL,19018.15788269043,1
AMT_CREDIT,103272.84825897217,1
AMT_ANNUITY,85164.68851089478,1
AMT_GOODS_PRICE,82363.40023994446,1
REGION_POPULATION_RELATIVE,36866.28056526184,1
DAYS_BIRTH,88501.35881233215,1
DAYS_EMPLOYED,97052.97838401794,1
DAYS_REGISTRATION,46131.65416431427,1
DAYS_ID_PUBLISH,66652.57215690613,1
OWN_CAR_AGE,35966.77239608765,1
FLAG_MOBIL,0.0,1
FLAG_EMP_PHONE,555.8720092773438,1
FLAG_WORK_PHONE,4752.059922218323,1
FLAG_CONT_MOBILE,0.0,1
FLAG_PHONE,3497.4510135650635,1
FLAG_EMAIL,527.7294044494629,1
CNT_FAM_MEMBERS,5071.398313522339,1
REGION_RATING_CLIENT,7739.739395141602,1
REGION_RATING_CLIENT_W_CITY,22037.909078598022,1
HOUR_APPR_PROCESS_START,13399.115173339844,1
REG_REGION_NOT_LIVE_REGION,643.4602012634277,1
REG_REGION_NOT_WORK_REGION,229.1345977783203,1
LIVE_REGION_NOT_WORK_REGION,359.79630279541016,1
REG_CITY_NOT_LIVE_CITY,7793.67866897583,1
REG_CITY_NOT_WORK_CITY,553.7090950012207,1
LIVE_CITY_NOT_WORK_CITY,772.2249031066895,1
EXT_SOURCE_1,216915.7935886383,1
EXT_SOURCE_2,655507.8725166321,1
EXT_SOURCE_3,717464.892206192,1
APARTMENTS_AVG,6649.089882850647,1
BASEMENTAREA_AVG,6513.556106567383,1
YEARS_BEGINEXPLUATATION_AVG,8532.095268249512,1
YEARS_BUILD_AVG,5458.938087463379,1
COMMONAREA_AVG,6868.793605804443,1
ELEVATORS_AVG,3803.526298522949,1
ENTRANCES_AVG,4871.014711380005,1
FLOORSMAX_AVG,9155.697774887085,1
FLOORSMIN_AVG,4664.86416053772,1
LANDAREA_AVG,9188.75006866455,1
LIVINGAPARTMENTS_AVG,5237.835113525391,1
LIVINGAREA_AVG,11603.579681396484,1
NONLIVINGAPARTMENTS_AVG,3086.939498901367,1
NONLIVINGAREA_AVG,10220.420963287354,1
APARTMENTS_MODE,8124.371170043945,1
BASEMENTAREA_MODE,7414.604379653931,1
YEARS_BEGINEXPLUATATION_MODE,11779.329570770264,1
YEARS_BUILD_MODE,5826.95658493042,1
COMMONAREA_MODE,5360.913084030151,1
ELEVATORS_MODE,1195.7992916107178,1
ENTRANCES_MODE,2586.121103286743,1
FLOORSMAX_MODE,1944.0716934204102,1
FLOORSMIN_MODE,1002.8860015869141,1
LANDAREA_MODE,7781.721990585327,1
LIVINGAPARTMENTS_MODE,6532.732084274292,1
LIVINGAREA_MODE,10181.437881469727,1
NONLIVINGAPARTMENTS_MODE,2970.6620864868164,1
NONLIVINGAREA_MODE,7815.85068321228,1
APARTMENTS_MEDI,5721.954820632935,1
BASEMENTAREA_MEDI,6183.743576049805,1
YEARS_BEGINEXPLUATATION_MEDI,6226.236797332764,1
YEARS_BUILD_MEDI,3200.231491088867,1
COMMONAREA_MEDI,5627.727420806885,1
ELEVATORS_MEDI,1651.1233024597168,1
ENTRANCES_MEDI,2662.205799102783,1
FLOORSMAX_MEDI,3909.06742477417,1
FLOORSMIN_MEDI,1376.7131881713867,1
LANDAREA_MEDI,4885.544282913208,1
LIVINGAPARTMENTS_MEDI,4189.256013870239,1
LIVINGAREA_MEDI,9847.70696258545,1
NONLIVINGAPARTMENTS_MEDI,1238.4645919799805,1
NONLIVINGAREA_MEDI,7473.249391555786,1
TOTALAREA_MODE,14963.107368469238,1
OBS_30_CNT_SOCIAL_CIRCLE,5489.266324996948,1
DEF_30_CNT_SOCIAL_CIRCLE,10559.01471710205,1
OBS_60_CNT_SOCIAL_CIRCLE,6328.519506454468,1
DEF_60_CNT_SOCIAL_CIRCLE,11377.251174926758,1
DAYS_LAST_PHONE_CHANGE,49776.597204208374,1
FLAG_DOCUMENT_2,0.0,1
FLAG_DOCUMENT_3,23182.399995803833,1
FLAG_DOCUMENT_4,0.0,1
FLAG_DOCUMENT_5,46.98210144042969,1
FLAG_DOCUMENT_6,737.436689376831,1
FLAG_DOCUMENT_7,0.0,1
FLAG_DOCUMENT_8,962.867603302002,1
FLAG_DOCUMENT_9,0.0,1
FLAG_DOCUMENT_10,0.0,1
FLAG_DOCUMENT_11,1509.58882522583,1
FLAG_DOCUMENT_12,0.0,1
FLAG_DOCUMENT_13,2047.137996673584,1
FLAG_DOCUMENT_14,0.0,1
FLAG_DOCUMENT_15,969.9735012054443,1
FLAG_DOCUMENT_16,2744.67569732666,1
FLAG_DOCUMENT_17,0.0,1
FLAG_DOCUMENT_18,3333.372730255127,1
FLAG_DOCUMENT_19,0.0,1
FLAG_DOCUMENT_20,0.0,1
FLAG_DOCUMENT_21,0.0,1
AMT_REQ_CREDIT_BUREAU_HOUR,0.0,1
AMT_REQ_CREDIT_BUREAU_DAY,438.46490478515625,1
AMT_REQ_CREDIT_BUREAU_WEEK,1342.2821922302246,1
AMT_REQ_CREDIT_BUREAU_MON,3537.7860794067383,1
AMT_REQ_CREDIT_BUREAU_QRT,10134.911714553833,1
AMT_REQ_CREDIT_BUREAU_YEAR,6067.410697937012,1
AMT_ANNUITY_NA,0.0,1
AMT_GOODS_PRICE_NA,0.0,1
AGE_YEARS,67602.54757499695,1
CREDIT_INCOME_RATIO,56349.42485046387,1
BUREAU_AMT_CREDIT_SUM_SUM,37203.92712974548,1
BUREAU_AMT_CREDIT_SUM_MEAN,36711.58270454407,1
BUREAU_AMT_CREDIT_SUM_MAX,39471.8339176178,1
BUREAU_AMT_CREDIT_SUM_MIN,28557.235136032104,1
BUREAU_AMT_CREDIT_SUM_STD,30451.069004058838,1
BUREAU_AMT_CREDIT_SUM_DEBT_SUM,29265.6032371521,1
BUREAU_AMT_CREDIT_SUM_DEBT_MEAN,53343.331380844116,1
BUREAU_AMT_CREDIT_SUM_DEBT_MAX,20198.85528945923,1
BUREAU_AMT_CREDIT_SUM_DEBT_MIN,10136.764169692993,1
BUREAU_AMT_CREDIT_SUM_DEBT_STD,41161.35204124451,1
BUREAU_AMT_CREDIT_SUM_LIMIT_SUM,8580.074481964111,1
BUREAU_AMT_CREDIT_SUM_LIMIT_MEAN,12501.580602645874,1
BUREAU_AMT_CREDIT_SUM_LIMIT_MAX,9479.400993347168,1
BUREAU_AMT_CREDIT_SUM_LIMIT_MIN,1312.2050857543945,1
BUREAU_AMT_CREDIT_SUM_LIMIT_STD,7689.299564361572,1
BUREAU_AMT_ANNUITY_SUM,5175.079578399658,1
BUREAU_AMT_ANNUITY_MEAN,6792.793905258179,1
BUREAU_AMT_ANNUITY_MAX,6451.114597320557,1
BUREAU_AMT_ANNUITY_MIN,6609.1972732543945,1
BUREAU_AMT_ANNUITY_STD,5802.31018447876,1
BUREAU_CREDIT_ACTIVE_NUNIQUE,1211.6831970214844,1
BUREAU_CREDIT_ACTIVE_<LAMBDA_0>,30264.848279953003,1
PREV_AMT_ANNUITY_SUM,24123.953353881836,1
PREV_AMT_ANNUITY_MEAN,36198.59214401245,1
PREV_AMT_ANNUITY_MAX,28455.04874420166,1
PREV_AMT_ANNUITY_MIN,37400.71446990967,1
PREV_AMT_ANNUITY_STD,29705.584077835083,1
PREV_AMT_APPLICATION_SUM,18154.917680740356,1
PREV_AMT_APPLICATION_MEAN,20053.116764068604,1
PREV_AMT_APPLICATION_MAX,17765.407419204712,1
PREV_AMT_APPLICATION_MIN,15288.364791870117,1
PREV_AMT_APPLICATION_STD,16974.634342193604,1
PREV_AMT_CREDIT_SUM,23931.80073738098,1
PREV_AMT_CREDIT_MEAN,20666.08037185669,1
PREV_AMT_CREDIT_MAX,27371.602981567383,1
PREV_AMT_CREDIT_MIN,18174.490476608276,1
PREV_AMT_CREDIT_STD,28860.168409347534,1
PREV_AMT_DOWN_PAYMENT_SUM,63825.074672698975,1
PREV_AMT_DOWN_PAYMENT_MEAN,24265.75923538208,1
PREV_AMT_DOWN_PAYMENT_MAX,30230.892293930054,1
PREV_AMT_DOWN_PAYMENT_MIN,11059.16679763794,1
PREV_AMT_DOWN_PAYMENT_STD,26752.290594100952,1
PREV_NAME_CONTRACT_STATUS_<LAMBDA>,65384.39408302307,1
PREV_DAYS_DECISION_MIN,50114.03659820557,1
PREV_DAYS_DECISION_MAX,35525.80012512207,1
INST_DAYS_LATE_MEAN,37533.73586463928,1
INST_DAYS_LATE_MAX,53722.549600601196,1
INST_DAYS_LATE_SUM,45130.324321746826,1
INST_DAYS_LATE_STD,48688.83284187317,1
INST_LATE_FLAG_SUM,11291.526439666748,1
INST_LATE_FLAG_MEAN,140548.8522567749,1
INST_AMT_PAYMENT_SUM,69635.56449508667,1
INST_AMT_PAYMENT_MEAN,34036.04410362244,1
INST_AMT_PAYMENT_MAX,59862.57269191742,1
CC_CC_UTIL_MEAN,46317.787868499756,1
CC_CC_UTIL_MAX,34709.14014625549,1
CC_CC_UTIL_STD,10210.476356506348,1
CC_AMT_BALANCE_MEAN,17655.705026626587,1
CC_AMT_BALANCE_MAX,17702.17456817627,1
CC_SK_ID_PREV_NUNIQUE,85.9979019165039,1
CC_SK_ID_PREV_COUNT,38176.63329696655,1
POS_MONTHS_BALANCE_MIN,58582.830154418945,1
POS_MONTHS_BALANCE_MAX,30628.82137298584,1
POS_MONTHS_BALANCE_COUNT,30525.341869354248,1
POS_NAME_CONTRACT_STATUS_<LAMBDA>,24803.106506347656,1
CREDIT_TO_INCOME,7160.76704788208,1
ANNUITY_TO_INCOME,51433.825759887695,1
EMPLOYED_YEARS,59065.61251831055,1
NAME_CONTRACT_TYPE_Cash_loans,12648.785669326782,1
NAME_CONTRACT_TYPE_Revolving_loans,4025.603630065918,1
NAME_CONTRACT_TYPE_nan,0.0,1
CODE_GENDER_F,36843.427783966064,1
CODE_GENDER_M,36305.65468120575,1
CODE_GENDER_XNA,0.0,1
CODE_GENDER_nan,0.0,1
FLAG_OWN_CAR_N,12536.946603775024,1
FLAG_OWN_CAR_Y,2258.282018661499,1
FLAG_OWN_CAR_nan,0.0,1
FLAG_OWN_REALTY_N,2084.061809539795,1
FLAG_OWN_REALTY_Y,495.891300201416,1
FLAG_OWN_REALTY_nan,0.0,1
NAME_TYPE_SUITE_Children,596.8119010925293,1
NAME_TYPE_SUITE_Family,1262.1846008300781,1
NAME_TYPE_SUITE_Group_of_people,0.0,1
NAME_TYPE_SUITE_Other_A,0.0,1
NAME_TYPE_SUITE_Other_B,452.619592666626,1
NAME_TYPE_SUITE_Spouse_partner,780.4343032836914,1
NAME_TYPE_SUITE_Unaccompanied,957.3008041381836,1
NAME_TYPE_SUITE_nan,0.0,1
NAME_INCOME_TYPE_Businessman,0.0,1
NAME_INCOME_TYPE_Commercial_associate,1182.958106994629,1
NAME_INCOME_TYPE_Maternity_leave,0.0,1
NAME_INCOME_TYPE_Pensioner,1651.7469673156738,1
NAME_INCOME_TYPE_State_servant,7050.536594390869,1
NAME_INCOME_TYPE_Student,0.0,1
NAME_INCOME_TYPE_Unemployed,0.0,1
NAME_INCOME_TYPE_Working,12130.250102996826,1
NAME_INCOME_TYPE_nan,0.0,1
NAME_EDUCATION_TYPE_Academic_degree,0.0,1
NAME_EDUCATION_TYPE_Higher_education,59876.017486572266,1
NAME_EDUCATION_TYPE_Incomplete_higher,698.8561019897461,1
NAME_EDUCATION_TYPE_Lower_secondary,542.3901977539062,1
NAME_EDUCATION_TYPE_Secondary__secondary_special,13403.704496383667,1
NAME_EDUCATION_TYPE_nan,0.0,1
NAME_FAMILY_STATUS_Civil_marriage,725.4594993591309,1
NAME_FAMILY_STATUS_Married,21511.14463710785,1
NAME_FAMILY_STATUS_Separated,668.0225028991699,1
NAME_FAMILY_STATUS_Single__not_married,3354.9963150024414,1
NAME_FAMILY_STATUS_Unknown,0.0,1
NAME_FAMILY_STATUS_Widow,1208.0691947937012,1
NAME_FAMILY_STATUS_nan,0.0,1
NAME_HOUSING_TYPE_Co-op_apartment,67.77839660644531,1
NAME_HOUSING_TYPE_House__apartment,2492.1116981506348,1
NAME_HOUSING_TYPE_Municipal_apartment,1446.609296798706,1
NAME_HOUSING_TYPE_Office_apartment,1743.0507049560547,1
NAME_HOUSING_TYPE_Rented_apartment,419.51890563964844,1
NAME_HOUSING_TYPE_With_parents,133.65589904785156,1
NAME_HOUSING_TYPE_nan,0.0,1
WEEKDAY_APPR_PROCESS_START_FRIDAY,1677.7576942443848,1
WEEKDAY_APPR_PROCESS_START_MONDAY,2524.4416971206665,1
WEEKDAY_APPR_PROCESS_START_SATURDAY,1361.8377895355225,1
WEEKDAY_APPR_PROCESS_START_SUNDAY,1154.579906463623,1
WEEKDAY_APPR_PROCESS_START_THURSDAY,1259.924617767334,1
WEEKDAY_APPR_PROCESS_START_TUESDAY,1623.1910934448242,1
WEEKDAY_APPR_PROCESS_START_WEDNESDAY,1670.3893966674805,1
WEEKDAY_APPR_PROCESS_START_nan,0.0,1
FONDKAPREMONT_MODE_not_specified,426.31970596313477,1
FONDKAPREMONT_MODE_org_spec_account,386.9033012390137,1
FONDKAPREMONT_MODE_reg_oper_account,293.8838005065918,1
FONDKAPREMONT_MODE_reg_oper_spec_account,340.52239990234375,1
FONDKAPREMONT_MODE_nan,464.8763961791992,1
HOUSETYPE_MODE_block_of_flats,567.5460910797119,1
HOUSETYPE_MODE_specific_housing,0.0,1
HOUSETYPE_MODE_terraced_house,0.0,1
HOUSETYPE_MODE_nan,58.9385986328125,1
WALLSMATERIAL_MODE_Block,1160.7561111450195,1
WALLSMATERIAL_MODE_Mixed,0.0,1
WALLSMATERIAL_MODE_Monolithic,0.0,1
WALLSMATERIAL_MODE_Others,180.3682975769043,1
WALLSMATERIAL_MODE_Panel,3386.5491104125977,1
WALLSMATERIAL_MODE_Stone_brick,2477.8637075424194,1
WALLSMATERIAL_MODE_Wooden,0.0,1
WALLSMATERIAL_MODE_nan,44.81610107421875,1
EMERGENCYSTATE_MODE_No,908.3536949157715,1
EMERGENCYSTATE_MODE_Yes,53.905601501464844,1
EMERGENCYSTATE_MODE_nan,186.83259963989258,1
OCCUPATION_TYPE_FE,12838.60551071167,1
ORGANIZATION_TYPE_FE,26236.029032707214,1
CNT_CHILDREN,3266.9182147979736,2
AMT_INCOME_TOTAL,24269.0661945343,2
AMT_CREDIT,123393.1898393631,2
AMT_ANNUITY,93968.622382164,2
AMT_GOODS_PRICE,94380.9090089798,2
REGION_POPULATION_RELATIVE,45508.83501434326,2
DAYS_BIRTH,86804.84268283844,2
DAYS_EMPLOYED,98437.7604675293,2
DAYS_REGISTRATION,51549.42122745514,2
DAYS_ID_PUBLISH,74955.10629272461,2
OWN_CAR_AGE,39060.05013656616,2
FLAG_MOBIL,0.0,2
FLAG_EMP_PHONE,1737.5037155151367,2
FLAG_WORK_PHONE,4729.9906969070435,2
FLAG_CONT_MOBILE,0.0,2
FLAG_PHONE,2959.4142904281616,2
FLAG_EMAIL,1088.1343994140625,2
CNT_FAM_MEMBERS,6688.762614250183,2
REGION_RATING_CLIENT,5821.491117477417,2
REGION_RATING_CLIENT_W_CITY,14159.008150100708,2
HOUR_APPR_PROCESS_START,22825.66068458557,2
REG_REGION_NOT_LIVE_REGION,381.91180419921875,2
REG_REGION_NOT_WORK_REGION,75.73719787597656,2
LIVE_REGION_NOT_WORK_REGION,151.9605941772461,2
REG_CITY_NOT_LIVE_CITY,11600.204627990723,2
REG_CITY_NOT_WORK_CITY,2070.149196624756,2
LIVE_CITY_NOT_WORK_CITY,749.2994060516357,2
EXT_SOURCE_1,247681.78515720367,2
EXT_SOURCE_2,677644.3601846695,2
EXT_SOURCE_3,723076.9864168167,2
APARTMENTS_AVG,7817.361431121826,2
BASEMENTAREA_AVG,8320.430110931396,2
YEARS_BEGINEXPLUATATION_AVG,11703.454219818115,2
YEARS_BUILD_AVG,8222.73078918457,2
COMMONAREA_AVG,6707.705081939697,2
ELEVATORS_AVG,3263.7615966796875,2
ENTRANCES_AVG,8059.246282577515,2
FLOORSMAX_AVG,6311.627292633057,2
FLOORSMIN_AVG,3894.730499267578,2
LANDAREA_AVG,11639.519772529602,2
LIVINGAPARTMENTS_AVG,8086.435884475708,2
LIVINGAREA_AVG,12599.796201705933,2
NONLIVINGAPARTMENTS_AVG,3272.635009765625,2
NONLIVINGAREA_AVG,10943.289596557617,2
APARTMENTS_MODE,9610.505729675293,2
BASEMENTAREA_MODE,9017.632019042969,2
YEARS_BEGINEXPLUATATION_MODE,12231.82495880127,2
YEARS_BUILD_MODE,6589.634872436523,2
COMMONAREA_MODE,7344.950794219971,2
ELEVATORS_MODE,1895.2716846466064,2
ENTRANCES_MODE,3536.941484451294,2
FLOORSMAX_MODE,2484.533290863037,2
FLOORSMIN_MODE,1770.2320003509521,2
LANDAREA_MODE,11507.141103744507,2
LIVINGAPARTMENTS_MODE,6264.732191085815,2
LIVINGAREA_MODE,9621.931785583496,2
NONLIVINGAPARTMENTS_MODE,2136.477096557617,2
NONLIVINGAREA_MODE,9163.008110046387,2
APARTMENTS_MEDI,7043.626705169678,2
BASEMENTAREA_MEDI,6842.9022970199585,2
YEARS_BEGINEXPLUATATION_MEDI,10128.480654716492,2
YEARS_BUILD_MEDI,5055.500120162964,2
COMMONAREA_MEDI,5834.697589874268,2
ELEVATORS_MEDI,1444.3193969726562,2
ENTRANCES_MEDI,2800.4277954101562,2
FLOORSMAX_MEDI,3727.1870613098145,2
FLOORSMIN_MEDI,3215.9088172912598,2
LANDAREA_MEDI,6409.465591430664,2
LIVINGAPARTMENTS_MEDI,4288.504390716553,2
LIVINGAREA_MEDI,8008.380617141724,2
NONLIVINGAPARTMENTS_MEDI,3590.0904960632324,2
NONLIVINGAREA_MEDI,8759.670400619507,2
TOTALAREA_MODE,19375.075117111206,2
OBS_30_CNT_SOCIAL_CIRCLE,8361.757012367249,2
DEF_30_CNT_SOCIAL_CIRCLE,8480.471988677979,2
OBS_60_CNT_SOCIAL_CIRCLE,8673.073707580566,2
DEF_60_CNT_SOCIAL_CIRCLE,13609.349375724792,2
DAYS_LAST_PHONE_CHANGE,61947.774022102356,2
FLAG_DOCUMENT_2,0.0,2
FLAG_DOCUMENT_3,20145.132415771484,2
FLAG_DOCUMENT_4,0.0,2
FLAG_DOCUMENT_5,203.09130096435547,2
FLAG_DOCUMENT_6,1154.2510032653809,2
FLAG_DOCUMENT_7,0.0,2
FLAG_DOCUMENT_8,779.2402954101562,2
FLAG_DOCUMENT_9,0.0,2
FLAG_DOCUMENT_10,0.0,2
FLAG_DOCUMENT_11,2362.2587928771973,2
FLAG_DOCUMENT_12,0.0,2
FLAG_DOCUMENT_13,964.1062002182007,2
FLAG_DOCUMENT_14,743.9289016723633,2
FLAG_DOCUMENT_15,864.3436031341553,2
FLAG_DOCUMENT_16,3465.552225112915,2
FLAG_DOCUMENT_17,0.0,2
FLAG_DOCUMENT_18,3389.211100578308,2
FLAG_DOCUMENT_19,0.0,2
FLAG_DOCUMENT_20,0.0,2
FLAG_DOCUMENT_21,0.0,2
AMT_REQ_CREDIT_BUREAU_HOUR,178.55169677734375,2
AMT_REQ_CREDIT_BUREAU_DAY,327.22840118408203,2
AMT_REQ_CREDIT_BUREAU_WEEK,792.6957092285156,2
AMT_REQ_CREDIT_BUREAU_MON,3693.631395339966,2
AMT_REQ_CREDIT_BUREAU_QRT,9017.580015182495,2
AMT_REQ_CREDIT_BUREAU_YEAR,9933.045221328735,2
AMT_ANNUITY_NA,0.0,2
AMT_GOODS_PRICE_NA,0.0,2
AGE_YEARS,88408.61252307892,2
CREDIT_INCOME_RATIO,64272.81482505798,2
BUREAU_AMT_CREDIT_SUM_SUM,44685.76751232147,2
BUREAU_AMT_CREDIT_SUM_MEAN,45916.786901474,2
BUREAU_AMT_CREDIT_SUM_MAX,38867.32583999634,2
BUREAU_AMT_CREDIT_SUM_MIN,37365.029178619385,2
BUREAU_AMT_CREDIT_SUM_STD,38341.49907875061,2
BUREAU_AMT_CREDIT_SUM_DEBT_SUM,36648.973041534424,2
BUREAU_AMT_CREDIT_SUM_DEBT_MEAN,57104.53476810455,2
BUREAU_AMT_CREDIT_SUM_DEBT_MAX,21107.708568572998,2
BUREAU_AMT_CREDIT_SUM_DEBT_MIN,10911.366245269775,2
BUREAU_AMT_CREDIT_SUM_DEBT_STD,47149.92155647278,2
BUREAU_AMT_CREDIT_SUM_LIMIT_SUM,9117.732479095459,2
BUREAU_AMT_CREDIT_SUM_LIMIT_MEAN,13105.853914260864,2
BUREAU_AMT_CREDIT_SUM_LIMIT_MAX,8561.003306388855,2
BUREAU_AMT_CREDIT_SUM_LIMIT_MIN,1812.836805343628,2
BUREAU_AMT_CREDIT_SUM_LIMIT_STD,7895.110485076904,2
BUREAU_AMT_ANNUITY_SUM,8495.865999221802,2
BUREAU_AMT_ANNUITY_MEAN,8565.90789604187,2
BUREAU_AMT_ANNUITY_MAX,9466.777404785156,2
BUREAU_AMT_ANNUITY_MIN,6628.534812927246,2
BUREAU_AMT_ANNUITY_STD,8392.157684326172,2
BUREAU_CREDIT_ACTIVE_NUNIQUE,1503.330795288086,2
BUREAU_CREDIT_ACTIVE_<LAMBDA_0>,28997.474809646606,2
PREV_AMT_ANNUITY_SUM,29332.290491104126,2
PREV_AMT_ANNUITY_MEAN,39639.747385025024,2
PREV_AMT_ANNUITY_MAX,37651.4612827301,2
PREV_AMT_ANNUITY_MIN,45375.27599143982,2
PREV_AMT_ANNUITY_STD,34443.8781375885,2
PREV_AMT_APPLICATION_SUM,27338.136028289795,2
PREV_AMT_APPLICATION_MEAN,26470.988878250122,2
PREV_AMT_APPLICATION_MAX,21241.305402755737,2
PREV_AMT_APPLICATION_MIN,17752.31651687622,2
PREV_AMT_APPLICATION_STD,25140.317026138306,2
PREV_AMT_CREDIT_SUM,26571.327039718628,2
PREV_AMT_CREDIT_MEAN,27977.640135765076,2
PREV_AMT_CREDIT_MAX,29437.814990997314,2
PREV_AMT_CREDIT_MIN,21413.66579055786,2
PREV_AMT_CREDIT_STD,32581.400254249573,2
PREV_AMT_DOWN_PAYMENT_SUM,78406.52426338196,2
PREV_AMT_DOWN_PAYMENT_MEAN,33003.62909793854,2
PREV_AMT_DOWN_PAYMENT_MAX,35487.9199256897,2
PREV_AMT_DOWN_PAYMENT_MIN,16705.91158771515,2
PREV_AMT_DOWN_PAYMENT_STD,30625.10856437683,2
PREV_NAME_CONTRACT_STATUS_<LAMBDA>,62344.5231590271,2
PREV_DAYS_DECISION_MIN,53104.416142463684,2
PREV_DAYS_DECISION_MAX,49542.429960250854,2
INST_DAYS_LATE_MEAN,41707.85084915161,2
INST_DAYS_LATE_MAX,56556.252447128296,2
INST_DAYS_LATE_SUM,51649.50095367432,2
INST_DAYS_LATE_STD,56397.145661354065,2
INST_LATE_FLAG_SUM,15446.969745635986,2
INST_LATE_FLAG_MEAN,143379.00986003876,2
INST_AMT_PAYMENT_SUM,74969.28348636627,2
INST_AMT_PAYMENT_MEAN,37955.30435657501,2
INST_AMT_PAYMENT_MAX,74795.24989318848,2
CC_CC_UTIL_MEAN,56230.897956848145,2
CC_CC_UTIL_MAX,34834.87274646759,2
CC_CC_UTIL_STD,11250.582809448242,2
CC_AMT_BALANCE_MEAN,21994.063262939453,2
CC_AMT_BALANCE_MAX,16292.569756507874,2
CC_SK_ID_PREV_NUNIQUE,361.96129608154297,2
CC_SK_ID_PREV_COUNT,39364.10678100586,2
POS_MONTHS_BALANCE_MIN,60489.75609207153,2
POS_MONTHS_BALANCE_MAX,41676.31253147125,2
POS_MONTHS_BALANCE_COUNT,38244.92600822449,2
POS_NAME_CONTRACT_STATUS_<LAMBDA>,30979.829566955566,2
CREDIT_TO_INCOME,10341.53699684143,2
ANNUITY_TO_INCOME,61123.73610210419,2
EMPLOYED_YEARS,59862.331453323364,2
NAME_CONTRACT_TYPE_Cash_loans,18432.318069458008,2
NAME_CONTRACT_TYPE_Revolving_loans,3207.7237091064453,2
NAME_CONTRACT_TYPE_nan,0.0,2
CODE_GENDER_F,44815.02583885193,2
CODE_GENDER_M,32887.85648918152,2
CODE_GENDER_XNA,0.0,2
CODE_GENDER_nan,0.0,2
FLAG_OWN_CAR_N,11859.23646068573,2
FLAG_OWN_CAR_Y,901.1959810256958,2
FLAG_OWN_CAR_nan,0.0,2
FLAG_OWN_REALTY_N,3103.3267822265625,2
FLAG_OWN_REALTY_Y,320.08850288391113,2
FLAG_OWN_REALTY_nan,0.0,2
NAME_TYPE_SUITE_Children,489.9495048522949,2
NAME_TYPE_SUITE_Family,1044.4605045318604,2
NAME_TYPE_SUITE_Group_of_people,0.0,2
NAME_TYPE_SUITE_Other_A,0.0,2
NAME_TYPE_SUITE_Other_B,54.64789962768555,2
NAME_TYPE_SUITE_Spouse_partner,672.362003326416,2
NAME_TYPE_SUITE_Unaccompanied,2056.9432888031006,2
NAME_TYPE_SUITE_nan,106.7333984375,2
NAME_INCOME_TYPE_Businessman,0.0,2
NAME_INCOME_TYPE_Commercial_associate,1568.2453022003174,2
NAME_INCOME_TYPE_Maternity_leave,0.0,2
NAME_INCOME_TYPE_Pensioner,1676.8078002929688,2
NAME_INCOME_TYPE_State_servant,5596.337278366089,2
NAME_INCOME_TYPE_Student,0.0,2
NAME_INCOME_TYPE_Unemployed,0.0,2
NAME_INCOME_TYPE_Working,11451.166507720947,2
NAME_INCOME_TYPE_nan,0.0,2
NAME_EDUCATION_TYPE_Academic_degree,0.0,2
NAME_EDUCATION_TYPE_Higher_education,56764.248569488525,2
NAME_EDUCATION_TYPE_Incomplete_higher,1185.4053993225098,2
NAME_EDUCATION_TYPE_Lower_secondary,1616.0506925582886,2
NAME_EDUCATION_TYPE_Secondary__secondary_special,16918.872928619385,2
NAME_EDUCATION_TYPE_nan,0.0,2
NAME_FAMILY_STATUS_Civil_marriage,1730.6459140777588,2
NAME_FAMILY_STATUS_Married,21930.779348373413,2
NAME_FAMILY_STATUS_Separated,662.9373016357422,2
NAME_FAMILY_STATUS_Single__not_married,2543.154811859131,2
NAME_FAMILY_STATUS_Unknown,0.0,2
NAME_FAMILY_STATUS_Widow,1697.8798961639404,2
NAME_FAMILY_STATUS_nan,0.0,2
NAME_HOUSING_TYPE_Co-op_apartment,0.0,2
NAME_HOUSING_TYPE_House__apartment,4630.866891860962,2
NAME_HOUSING_TYPE_Municipal_apartment,1132.4912910461426,2
NAME_HOUSING_TYPE_Office_apartment,1874.6162023544312,2
NAME_HOUSING_TYPE_Rented_apartment,1473.2275047302246,2
NAME_HOUSING_TYPE_With_parents,713.2522087097168,2
NAME_HOUSING_TYPE_nan,0.0,2
WEEKDAY_APPR_PROCESS_START_FRIDAY,1126.4645080566406,2
WEEKDAY_APPR_PROCESS_START_MONDAY,2024.2624921798706,2
WEEKDAY_APPR_PROCESS_START_SATURDAY,1739.1725978851318,2
WEEKDAY_APPR_PROCESS_START_SUNDAY,1130.168601989746,2
WEEKDAY_APPR_PROCESS_START_THURSDAY,1279.7854080200195,2
WEEKDAY_APPR_PROCESS_START_TUESDAY,1792.3325958251953,2
WEEKDAY_APPR_PROCESS_START_WEDNESDAY,1864.4662971496582,2
WEEKDAY_APPR_PROCESS_START_nan,0.0,2
FONDKAPREMONT_MODE_not_specified,982.7175102233887,2
FONDKAPREMONT_MODE_org_spec_account,377.0096015930176,2
FONDKAPREMONT_MODE_reg_oper_account,1044.9258079528809,2
FONDKAPREMONT_MODE_reg_oper_spec_account,688.1157932281494,2
FONDKAPREMONT_MODE_nan,183.13209915161133,2
HOUSETYPE_MODE_block_of_flats,0.0,2
HOUSETYPE_MODE_specific_housing,181.5261001586914,2
HOUSETYPE_MODE_terraced_house,0.0,2
HOUSETYPE_MODE_nan,135.4738006591797,2
WALLSMATERIAL_MODE_Block,1128.304708480835,2
WALLSMATERIAL_MODE_Mixed,224.87140655517578,2
WALLSMATERIAL_MODE_Monolithic,92.95109939575195,2
WALLSMATERIAL_MODE_Others,597.9213981628418,2
WALLSMATERIAL_MODE_Panel,1804.4518070220947,2
WALLSMATERIAL_MODE_Stone_brick,2342.05379486084,2
WALLSMATERIAL_MODE_Wooden,38.564701080322266,2
WALLSMATERIAL_MODE_nan,166.1250991821289,2
EMERGENCYSTATE_MODE_No,69.78909873962402,2
EMERGENCYSTATE_MODE_Yes,520.8017082214355,2
EMERGENCYSTATE_MODE_nan,309.5722961425781,2
OCCUPATION_TYPE_FE,21263.569016456604,2
ORGANIZATION_TYPE_FE,32143.381854057312,2
CNT_CHILDREN,2350.760696411133,3
AMT_INCOME_TOTAL,23850.66889667511,3
AMT_CREDIT,102195.93060874939,3
AMT_ANNUITY,92815.58797454834,3
AMT_GOODS_PRICE,89834.45452690125,3
REGION_POPULATION_RELATIVE,44006.34223937988,3
DAYS_BIRTH,92009.64039039612,3
DAYS_EMPLOYED,108146.06042671204,3
DAYS_REGISTRATION,51393.24796676636,3
DAYS_ID_PUBLISH,73935.04204559326,3
OWN_CAR_AGE,33597.06885910034,3
FLAG_MOBIL,0.0,3
FLAG_EMP_PHONE,1245.4467124938965,3
FLAG_WORK_PHONE,4679.049394607544,3
FLAG_CONT_MOBILE,0.0,3
FLAG_PHONE,2672.1555881500244,3
FLAG_EMAIL,1410.3908042907715,3
CNT_FAM_MEMBERS,4641.673791885376,3
REGION_RATING_CLIENT,7483.9918212890625,3
REGION_RATING_CLIENT_W_CITY,16546.87385559082,3
HOUR_APPR_PROCESS_START,13913.54270362854,3
REG_REGION_NOT_LIVE_REGION,318.17850494384766,3
REG_REGION_NOT_WORK_REGION,181.16820526123047,3
LIVE_REGION_NOT_WORK_REGION,217.37779998779297,3
REG_CITY_NOT_LIVE_CITY,11171.288890838623,3
REG_CITY_NOT_WORK_CITY,1182.7001037597656,3
LIVE_CITY_NOT_WORK_CITY,709.6832962036133,3
EXT_SOURCE_1,240669.15441131592,3
EXT_SOURCE_2,678644.6161184311,3
EXT_SOURCE_3,700766.720363617,3
APARTMENTS_AVG,11195.324224472046,3
BASEMENTAREA_AVG,5988.463401794434,3
YEARS_BEGINEXPLUATATION_AVG,10357.690311431885,3
YEARS_BUILD_AVG,5220.091411590576,3
COMMONAREA_AVG,6587.262678146362,3
ELEVATORS_AVG,1876.161907196045,3
ENTRANCES_AVG,6843.544206619263,3
FLOORSMAX_AVG,6994.062215805054,3
FLOORSMIN_AVG,3730.2667293548584,3
LANDAREA_AVG,9562.403387069702,3
LIVINGAPARTMENTS_AVG,5034.1010093688965,3
LIVINGAREA_AVG,9981.645406723022,3
NONLIVINGAPARTMENTS_AVG,3797.332904815674,3
NONLIVINGAREA_AVG,7662.17858505249,3
APARTMENTS_MODE,10367.871084213257,3
BASEMENTAREA_MODE,9084.332088470459,3
YEARS_BEGINEXPLUATATION_MODE,13191.515581130981,3
YEARS_BUILD_MODE,6123.914527893066,3
COMMONAREA_MODE,6819.065299987793,3
ELEVATORS_MODE,1138.474199295044,3
ENTRANCES_MODE,3710.478693008423,3
FLOORSMAX_MODE,1825.501615524292,3
FLOORSMIN_MODE,1579.8106956481934,3
LANDAREA_MODE,9198.0809841156,3
LIVINGAPARTMENTS_MODE,5684.693801879883,3
LIVINGAREA_MODE,11332.470218658447,3
NONLIVINGAPARTMENTS_MODE,3099.0769271850586,3
NONLIVINGAREA_MODE,8261.084581375122,3
APARTMENTS_MEDI,6051.363906860352,3
BASEMENTAREA_MEDI,6150.709308624268,3
YEARS_BEGINEXPLUATATION_MEDI,8163.864276885986,3
YEARS_BUILD_MEDI,5255.327312469482,3
COMMONAREA_MEDI,5691.403476715088,3
ELEVATORS_MEDI,1390.6102867126465,3
ENTRANCES_MEDI,2409.413013458252,3
FLOORSMAX_MEDI,3006.6066665649414,3
FLOORSMIN_MEDI,1443.2955055236816,3
LANDAREA_MEDI,7818.929758071899,3
LIVINGAPARTMENTS_MEDI,4172.7346267700195,3
LIVINGAREA_MEDI,7412.447326660156,3
NONLIVINGAPARTMENTS_MEDI,2286.357597351074,3
NONLIVINGAREA_MEDI,5564.841495513916,3
TOTALAREA_MODE,20105.76996612549,3
OBS_30_CNT_SOCIAL_CIRCLE,5853.248180389404,3
DEF_30_CNT_SOCIAL_CIRCLE,12079.037815093994,3
OBS_60_CNT_SOCIAL_CIRCLE,7275.573810577393,3
DEF_60_CNT_SOCIAL_CIRCLE,11476.73861694336,3
DAYS_LAST_PHONE_CHANGE,61401.06262397766,3
FLAG_DOCUMENT_2,0.0,3
FLAG_DOCUMENT_3,22148.627309799194,3
FLAG_DOCUMENT_4,0.0,3
FLAG_DOCUMENT_5,109.74949645996094,3
FLAG_DOCUMENT_6,438.82869720458984,3
FLAG_DOCUMENT_7,0.0,3
FLAG_DOCUMENT_8,575.326301574707,3
FLAG_DOCUMENT_9,0.0,3
FLAG_DOCUMENT_10,0.0,3
FLAG_DOCUMENT_11,790.9626121520996,3
FLAG_DOCUMENT_12,0.0,3
FLAG_DOCUMENT_13,973.2607040405273,3
FLAG_DOCUMENT_14,356.61920070648193,3
FLAG_DOCUMENT_15,67.11660194396973,3
FLAG_DOCUMENT_16,3944.9496059417725,3
FLAG_DOCUMENT_17,0.0,3
FLAG_DOCUMENT_18,3753.577573776245,3
FLAG_DOCUMENT_19,0.0,3
FLAG_DOCUMENT_20,0.0,3
FLAG_DOCUMENT_21,0.0,3
AMT_REQ_CREDIT_BUREAU_HOUR,53.54209899902344,3
AMT_REQ_CREDIT_BUREAU_DAY,0.0,3
AMT_REQ_CREDIT_BUREAU_WEEK,2233.1659965515137,3
AMT_REQ_CREDIT_BUREAU_MON,5719.302416801453,3
AMT_REQ_CREDIT_BUREAU_QRT,10786.276401519775,3
AMT_REQ_CREDIT_BUREAU_YEAR,8608.313404083252,3
AMT_ANNUITY_NA,0.0,3
AMT_GOODS_PRICE_NA,0.0,3
AGE_YEARS,81876.51856994629,3
CREDIT_INCOME_RATIO,54130.33176803589,3
BUREAU_AMT_CREDIT_SUM_SUM,40303.10748672485,3
BUREAU_AMT_CREDIT_SUM_MEAN,40755.95341682434,3
BUREAU_AMT_CREDIT_SUM_MAX,43939.904052734375,3
BUREAU_AMT_CREDIT_SUM_MIN,35602.76111412048,3
BUREAU_AMT_CREDIT_SUM_STD,35630.04194831848,3
BUREAU_AMT_CREDIT_SUM_DEBT_SUM,27825.321102142334,3
BUREAU_AMT_CREDIT_SUM_DEBT_MEAN,50661.338713645935,3
BUREAU_AMT_CREDIT_SUM_DEBT_MAX,19565.9543132782,3
BUREAU_AMT_CREDIT_SUM_DEBT_MIN,11623.762706756592,3
BUREAU_AMT_CREDIT_SUM_DEBT_STD,48509.469623565674,3
BUREAU_AMT_CREDIT_SUM_LIMIT_SUM,6129.869304656982,3
BUREAU_AMT_CREDIT_SUM_LIMIT_MEAN,11203.823125839233,3
BUREAU_AMT_CREDIT_SUM_LIMIT_MAX,6801.777196884155,3
BUREAU_AMT_CREDIT_SUM_LIMIT_MIN,1774.496997833252,3
BUREAU_AMT_CREDIT_SUM_LIMIT_STD,7467.4102783203125,3
BUREAU_AMT_ANNUITY_SUM,5517.617406845093,3
BUREAU_AMT_ANNUITY_MEAN,8734.841625213623,3
BUREAU_AMT_ANNUITY_MAX,6151.422723770142,3
BUREAU_AMT_ANNUITY_MIN,6399.501089096069,3
BUREAU_AMT_ANNUITY_STD,7023.0022830963135,3
BUREAU_CREDIT_ACTIVE_NUNIQUE,1599.669298171997,3
BUREAU_CREDIT_ACTIVE_<LAMBDA_0>,32265.997024536133,3
PREV_AMT_ANNUITY_SUM,27335.018125534058,3
PREV_AMT_ANNUITY_MEAN,36496.932024002075,3
PREV_AMT_ANNUITY_MAX,31997.51559829712,3
PREV_AMT_ANNUITY_MIN,38992.26038646698,3
PREV_AMT_ANNUITY_STD,28066.073581695557,3
PREV_AMT_APPLICATION_SUM,21990.089762687683,3
PREV_AMT_APPLICATION_MEAN,21387.58888244629,3
PREV_AMT_APPLICATION_MAX,17609.569805145264,3
PREV_AMT_APPLICATION_MIN,15563.256496429443,3
PREV_AMT_APPLICATION_STD,23168.857791900635,3
PREV_AMT_CREDIT_SUM,26810.271265029907,3
PREV_AMT_CREDIT_MEAN,22824.516469955444,3
PREV_AMT_CREDIT_MAX,27415.352201461792,3
PREV_AMT_CREDIT_MIN,19248.228525161743,3
PREV_AMT_CREDIT_STD,35148.97805595398,3
PREV_AMT_DOWN_PAYMENT_SUM,65669.63212585449,3
PREV_AMT_DOWN_PAYMENT_MEAN,28904.0003490448,3
PREV_AMT_DOWN_PAYMENT_MAX,40451.0874004364,3
PREV_AMT_DOWN_PAYMENT_MIN,14040.431209564209,3
PREV_AMT_DOWN_PAYMENT_STD,28712.31392288208,3
PREV_NAME_CONTRACT_STATUS_<LAMBDA>,57472.66670703888,3
PREV_DAYS_DECISION_MIN,51717.325494766235,3
PREV_DAYS_DECISION_MAX,39996.307624816895,3
INST_DAYS_LATE_MEAN,43446.08081626892,3
INST_DAYS_LATE_MAX,55784.40951347351,3
INST_DAYS_LATE_SUM,43747.61708545685,3
INST_DAYS_LATE_STD,45651.88436794281,3
INST_LATE_FLAG_SUM,8564.687320709229,3
INST_LATE_FLAG_MEAN,143212.16231822968,3
INST_AMT_PAYMENT_SUM,75536.69788837433,3
INST_AMT_PAYMENT_MEAN,42234.40051841736,3
INST_AMT_PAYMENT_MAX,66547.43263816833,3
CC_CC_UTIL_MEAN,56181.79232215881,3
CC_CC_UTIL_MAX,30772.609804153442,3
CC_CC_UTIL_STD,14327.320121765137,3
CC_AMT_BALANCE_MEAN,17129.534595489502,3
CC_AMT_BALANCE_MAX,18294.418170928955,3
CC_SK_ID_PREV_NUNIQUE,758.431300163269,3
CC_SK_ID_PREV_COUNT,37890.8178024292,3
POS_MONTHS_BALANCE_MIN,61198.33603096008,3
POS_MONTHS_BALANCE_MAX,35550.160316467285,3
POS_MONTHS_BALANCE_COUNT,35063.50506210327,3
POS_NAME_CONTRACT_STATUS_<LAMBDA>,35786.058809280396,3
CREDIT_TO_INCOME,10023.213516235352,3
ANNUITY_TO_INCOME,60180.53142738342,3
EMPLOYED_YEARS,56407.568506240845,3
NAME_CONTRACT_TYPE_Cash_loans,13765.008934020996,3
NAME_CONTRACT_TYPE_Revolving_loans,2675.652992248535,3
NAME_CONTRACT_TYPE_nan,0.0,3
CODE_GENDER_F,32244.681566238403,3
CODE_GENDER_M,36180.27510261536,3
CODE_GENDER_XNA,0.0,3
CODE_GENDER_nan,0.0,3
FLAG_OWN_CAR_N,17199.507833480835,3
FLAG_OWN_CAR_Y,5570.7652950286865,3
FLAG_OWN_CAR_nan,0.0,3
FLAG_OWN_REALTY_N,2132.534994125366,3
FLAG_OWN_REALTY_Y,435.15040588378906,3
FLAG_OWN_REALTY_nan,0.0,3
NAME_TYPE_SUITE_Children,843.5118064880371,3
NAME_TYPE_SUITE_Family,767.8727035522461,3
NAME_TYPE_SUITE_Group_of_people,0.0,3
NAME_TYPE_SUITE_Other_A,0.0,3
NAME_TYPE_SUITE_Other_B,99.35169982910156,3
NAME_TYPE_SUITE_Spouse_partner,785.9309997558594,3
NAME_TYPE_SUITE_Unaccompanied,1719.0538940429688,3
NAME_TYPE_SUITE_nan,269.0911979675293,3
NAME_INCOME_TYPE_Businessman,0.0,3
NAME_INCOME_TYPE_Commercial_associate,1221.7166862487793,3
NAME_INCOME_TYPE_Maternity_leave,0.0,3
NAME_INCOME_TYPE_Pensioner,283.5426940917969,3
NAME_INCOME_TYPE_State_servant,3855.1694564819336,3
NAME_INCOME_TYPE_Student,0.0,3
NAME_INCOME_TYPE_Unemployed,0.0,3
NAME_INCOME_TYPE_Working,18827.682649612427,3
NAME_INCOME_TYPE_nan,0.0,3
NAME_EDUCATION_TYPE_Academic_degree,0.0,3
NAME_EDUCATION_TYPE_Higher_education,54935.87649154663,3
NAME_EDUCATION_TYPE_Incomplete_higher,962.1935939788818,3
NAME_EDUCATION_TYPE_Lower_secondary,81.42520141601562,3
NAME_EDUCATION_TYPE_Secondary__secondary_special,16365.788465499878,3
NAME_EDUCATION_TYPE_nan,0.0,3
NAME_FAMILY_STATUS_Civil_marriage,808.7913017272949,3
NAME_FAMILY_STATUS_Married,18590.693340301514,3
NAME_FAMILY_STATUS_Separated,1205.8315963745117,3
NAME_FAMILY_STATUS_Single__not_married,2604.902988433838,3
NAME_FAMILY_STATUS_Unknown,0.0,3
NAME_FAMILY_STATUS_Widow,1546.377914428711,3
NAME_FAMILY_STATUS_nan,0.0,3
NAME_HOUSING_TYPE_Co-op_apartment,0.0,3
NAME_HOUSING_TYPE_House__apartment,2832.7136840820312,3
NAME_HOUSING_TYPE_Municipal_apartment,2379.3056640625,3
NAME_HOUSING_TYPE_Office_apartment,1208.7510929107666,3
NAME_HOUSING_TYPE_Rented_apartment,188.29209899902344,3
NAME_HOUSING_TYPE_With_parents,589.9130020141602,3
NAME_HOUSING_TYPE_nan,0.0,3
WEEKDAY_APPR_PROCESS_START_FRIDAY,1787.7969932556152,3
WEEKDAY_APPR_PROCESS_START_MONDAY,1750.1755027770996,3
WEEKDAY_APPR_PROCESS_START_SATURDAY,1109.3127975463867,3
WEEKDAY_APPR_PROCESS_START_SUNDAY,1718.493290901184,3
WEEKDAY_APPR_PROCESS_START_THURSDAY,1418.3576030731201,3
WEEKDAY_APPR_PROCESS_START_TUESDAY,1872.4019088745117,3
WEEKDAY_APPR_PROCESS_START_WEDNESDAY,1773.3991012573242,3
WEEKDAY_APPR_PROCESS_START_nan,0.0,3
FONDKAPREMONT_MODE_not_specified,391.2490997314453,3
FONDKAPREMONT_MODE_org_spec_account,421.0513038635254,3
FONDKAPREMONT_MODE_reg_oper_account,746.3525009155273,3
FONDKAPREMONT_MODE_reg_oper_spec_account,753.8760900497437,3
FONDKAPREMONT_MODE_nan,380.55270767211914,3
HOUSETYPE_MODE_block_of_flats,79.78300094604492,3
HOUSETYPE_MODE_specific_housing,0.0,3
HOUSETYPE_MODE_terraced_house,70.12999725341797,3
HOUSETYPE_MODE_nan,209.2209014892578,3
WALLSMATERIAL_MODE_Block,347.42699813842773,3
WALLSMATERIAL_MODE_Mixed,183.33909606933594,3
WALLSMATERIAL_MODE_Monolithic,0.0,3
WALLSMATERIAL_MODE_Others,52.25619888305664,3
WALLSMATERIAL_MODE_Panel,1476.953498840332,3
WALLSMATERIAL_MODE_Stone_brick,2561.2393312454224,3
WALLSMATERIAL_MODE_Wooden,112.47740173339844,3
WALLSMATERIAL_MODE_nan,88.2041015625,3
EMERGENCYSTATE_MODE_No,733.2009105682373,3
EMERGENCYSTATE_MODE_Yes,209.23569869995117,3
EMERGENCYSTATE_MODE_nan,378.0733013153076,3
OCCUPATION_TYPE_FE,20007.74200630188,3
ORGANIZATION_TYPE_FE,33129.116477012634,3
CNT_CHILDREN,2375.038194656372,4
AMT_INCOME_TOTAL,27645.00402545929,4
AMT_CREDIT,104309.62453651428,4
AMT_ANNUITY,104401.20750617981,4
AMT_GOODS_PRICE,86064.56655788422,4
REGION_POPULATION_RELATIVE,49449.68980026245,4
DAYS_BIRTH,102081.90642929077,4
DAYS_EMPLOYED,82362.97083854675,4
DAYS_REGISTRATION,60903.344635009766,4
DAYS_ID_PUBLISH,74733.85906887054,4
OWN_CAR_AGE,41255.26524353027,4
FLAG_MOBIL,0.0,4
FLAG_EMP_PHONE,1079.4014854431152,4
FLAG_WORK_PHONE,5047.6670026779175,4
FLAG_CONT_MOBILE,0.0,4
FLAG_PHONE,3947.7405862808228,4
FLAG_EMAIL,535.633710861206,4
CNT_FAM_MEMBERS,6554.266389846802,4
REGION_RATING_CLIENT,7789.635862350464,4
REGION_RATING_CLIENT_W_CITY,14803.139120101929,4
HOUR_APPR_PROCESS_START,21969.368503570557,4
REG_REGION_NOT_LIVE_REGION,739.734302520752,4
REG_REGION_NOT_WORK_REGION,981.0443000793457,4
LIVE_REGION_NOT_WORK_REGION,428.29169845581055,4
REG_CITY_NOT_LIVE_CITY,10857.233793258667,4
REG_CITY_NOT_WORK_CITY,2267.981590270996,4
LIVE_CITY_NOT_WORK_CITY,1161.902006149292,4
EXT_SOURCE_1,241832.79270648956,4
EXT_SOURCE_2,693191.1968736649,4
EXT_SOURCE_3,707474.3839826584,4
APARTMENTS_AVG,7309.063514709473,4
BASEMENTAREA_AVG,10810.644371032715,4
YEARS_BEGINEXPLUATATION_AVG,10358.593503952026,4
YEARS_BUILD_AVG,5453.352300643921,4
COMMONAREA_AVG,7398.499622344971,4
ELEVATORS_AVG,3608.8698863983154,4
ENTRANCES_AVG,8320.086065292358,4
FLOORSMAX_AVG,4820.619302749634,4
FLOORSMIN_AVG,4136.881092071533,4
LANDAREA_AVG,12046.93830871582,4
LIVINGAPARTMENTS_AVG,8282.356559753418,4
LIVINGAREA_AVG,10644.744199752808,4
NONLIVINGAPARTMENTS_AVG,5044.276477813721,4
NONLIVINGAREA_AVG,9030.084285736084,4
APARTMENTS_MODE,11726.650665283203,4
BASEMENTAREA_MODE,10051.472717285156,4
YEARS_BEGINEXPLUATATION_MODE,13386.990795135498,4
YEARS_BUILD_MODE,6767.285982131958,4
COMMONAREA_MODE,8007.052593231201,4
ELEVATORS_MODE,1464.0245151519775,4
ENTRANCES_MODE,5292.994501113892,4
FLOORSMAX_MODE,3671.838893890381,4
FLOORSMIN_MODE,1814.3346042633057,4
LANDAREA_MODE,11343.060235977173,4
LIVINGAPARTMENTS_MODE,8185.6998291015625,4
LIVINGAREA_MODE,11021.343603134155,4
NONLIVINGAPARTMENTS_MODE,2857.0820722579956,4
NONLIVINGAREA_MODE,10624.241577148438,4
APARTMENTS_MEDI,6895.198690414429,4
BASEMENTAREA_MEDI,7596.609781265259,4
YEARS_BEGINEXPLUATATION_MEDI,10455.707633018494,4
YEARS_BUILD_MEDI,4191.443702697754,4
COMMONAREA_MEDI,5522.9360065460205,4
ELEVATORS_MEDI,2100.3423919677734,4
ENTRANCES_MEDI,4355.614309310913,4
FLOORSMAX_MEDI,2993.161594390869,4
FLOORSMIN_MEDI,1415.7895126342773,4
LANDAREA_MEDI,7047.721719741821,4
LIVINGAPARTMENTS_MEDI,4387.439910888672,4
LIVINGAREA_MEDI,6852.34761428833,4
NONLIVINGAPARTMENTS_MEDI,2046.4085054397583,4
NONLIVINGAREA_MEDI,8330.170782089233,4
TOTALAREA_MODE,21644.954818725586,4
OBS_30_CNT_SOCIAL_CIRCLE,6945.837383270264,4
DEF_30_CNT_SOCIAL_CIRCLE,11146.821005821228,4
OBS_60_CNT_SOCIAL_CIRCLE,6489.619124412537,4
DEF_60_CNT_SOCIAL_CIRCLE,9515.817610740662,4
DAYS_LAST_PHONE_CHANGE,58956.500705718994,4
FLAG_DOCUMENT_2,0.0,4
FLAG_DOCUMENT_3,22501.617490768433,4
FLAG_DOCUMENT_4,0.0,4
FLAG_DOCUMENT_5,140.74469757080078,4
FLAG_DOCUMENT_6,1439.8462867736816,4
FLAG_DOCUMENT_7,0.0,4
FLAG_DOCUMENT_8,1151.8538856506348,4
FLAG_DOCUMENT_9,0.0,4
FLAG_DOCUMENT_10,0.0,4
FLAG_DOCUMENT_11,1005.2019157409668,4
FLAG_DOCUMENT_12,0.0,4
FLAG_DOCUMENT_13,4057.3867902755737,4
FLAG_DOCUMENT_14,1511.8176040649414,4
FLAG_DOCUMENT_15,277.349401473999,4
FLAG_DOCUMENT_16,3557.8596954345703,4
FLAG_DOCUMENT_17,0.0,4
FLAG_DOCUMENT_18,2874.2174015045166,4
FLAG_DOCUMENT_19,0.0,4
FLAG_DOCUMENT_20,0.0,4
FLAG_DOCUMENT_21,0.0,4
AMT_REQ_CREDIT_BUREAU_HOUR,0.0,4
AMT_REQ_CREDIT_BUREAU_DAY,151.46059799194336,4
AMT_REQ_CREDIT_BUREAU_WEEK,1367.751895904541,4
AMT_REQ_CREDIT_BUREAU_MON,5567.411117553711,4
AMT_REQ_CREDIT_BUREAU_QRT,10000.04476928711,4
AMT_REQ_CREDIT_BUREAU_YEAR,8213.85618019104,4
AMT_ANNUITY_NA,0.0,4
AMT_GOODS_PRICE_NA,0.0,4
AGE_YEARS,74106.6706905365,4
CREDIT_INCOME_RATIO,60273.84276390076,4
BUREAU_AMT_CREDIT_SUM_SUM,50457.77583885193,4
BUREAU_AMT_CREDIT_SUM_MEAN,46664.14190864563,4
BUREAU_AMT_CREDIT_SUM_MAX,48804.14045333862,4
BUREAU_AMT_CREDIT_SUM_MIN,45634.950585365295,4
BUREAU_AMT_CREDIT_SUM_STD,40516.30466270447,4
BUREAU_AMT_CREDIT_SUM_DEBT_SUM,36286.40054130554,4
BUREAU_AMT_CREDIT_SUM_DEBT_MEAN,54228.79716491699,4
BUREAU_AMT_CREDIT_SUM_DEBT_MAX,20344.124643325806,4
BUREAU_AMT_CREDIT_SUM_DEBT_MIN,16391.32211780548,4
BUREAU_AMT_CREDIT_SUM_DEBT_STD,44497.809452056885,4
BUREAU_AMT_CREDIT_SUM_LIMIT_SUM,8531.605083465576,4
BUREAU_AMT_CREDIT_SUM_LIMIT_MEAN,14125.345596313477,4
BUREAU_AMT_CREDIT_SUM_LIMIT_MAX,11082.490259170532,4
BUREAU_AMT_CREDIT_SUM_LIMIT_MIN,2059.781204223633,4
BUREAU_AMT_CREDIT_SUM_LIMIT_STD,8115.422309875488,4
BUREAU_AMT_ANNUITY_SUM,8458.291528701782,4
BUREAU_AMT_ANNUITY_MEAN,9430.685024261475,4
BUREAU_AMT_ANNUITY_MAX,7536.674528121948,4
BUREAU_AMT_ANNUITY_MIN,8024.611404418945,4
BUREAU_AMT_ANNUITY_STD,10849.022720336914,4
BUREAU_CREDIT_ACTIVE_NUNIQUE,858.660005569458,4
BUREAU_CREDIT_ACTIVE_<LAMBDA_0>,33514.826261520386,4
PREV_AMT_ANNUITY_SUM,28819.78000831604,4
PREV_AMT_ANNUITY_MEAN,44452.80765724182,4
PREV_AMT_ANNUITY_MAX,38764.896931648254,4
PREV_AMT_ANNUITY_MIN,45562.99105548859,4
PREV_AMT_ANNUITY_STD,35881.22729110718,4
PREV_AMT_APPLICATION_SUM,24633.598168373108,4
PREV_AMT_APPLICATION_MEAN,26217.06510734558,4
PREV_AMT_APPLICATION_MAX,19025.623262405396,4
PREV_AMT_APPLICATION_MIN,17995.202480316162,4
PREV_AMT_APPLICATION_STD,24456.14847946167,4
PREV_AMT_CREDIT_SUM,29229.147904396057,4
PREV_AMT_CREDIT_MEAN,30226.1601190567,4
PREV_AMT_CREDIT_MAX,31990.12317085266,4
PREV_AMT_CREDIT_MIN,20139.12020301819,4
PREV_AMT_CREDIT_STD,30838.68519973755,4
PREV_AMT_DOWN_PAYMENT_SUM,66103.08824253082,4
PREV_AMT_DOWN_PAYMENT_MEAN,32368.76983833313,4
PREV_AMT_DOWN_PAYMENT_MAX,40474.094636917114,4
PREV_AMT_DOWN_PAYMENT_MIN,13319.98828125,4
PREV_AMT_DOWN_PAYMENT_STD,38153.449031829834,4
PREV_NAME_CONTRACT_STATUS_<LAMBDA>,65264.7869682312,4
PREV_DAYS_DECISION_MIN,55994.28916358948,4
PREV_DAYS_DECISION_MAX,49729.62246322632,4
INST_DAYS_LATE_MEAN,51380.72445869446,4
INST_DAYS_LATE_MAX,62041.02141094208,4
INST_DAYS_LATE_SUM,51134.09683036804,4
INST_DAYS_LATE_STD,48995.89852142334,4
INST_LATE_FLAG_SUM,11803.882431030273,4
INST_LATE_FLAG_MEAN,135268.55796337128,4
INST_AMT_PAYMENT_SUM,80797.23945522308,4
INST_AMT_PAYMENT_MEAN,44823.51090621948,4
INST_AMT_PAYMENT_MAX,70328.92384910583,4
CC_CC_UTIL_MEAN,55641.67255401611,4
CC_CC_UTIL_MAX,35725.949714660645,4
CC_CC_UTIL_STD,15967.354334831238,4
CC_AMT_BALANCE_MEAN,21890.500352859497,4
CC_AMT_BALANCE_MAX,20528.089818000793,4
CC_SK_ID_PREV_NUNIQUE,75.72660064697266,4
CC_SK_ID_PREV_COUNT,37899.60722446442,4
POS_MONTHS_BALANCE_MIN,61423.23588371277,4
POS_MONTHS_BALANCE_MAX,40005.42730522156,4
POS_MONTHS_BALANCE_COUNT,33993.254137039185,4
POS_NAME_CONTRACT_STATUS_<LAMBDA>,28087.050857543945,4
CREDIT_TO_INCOME,12503.156614303589,4
ANNUITY_TO_INCOME,62939.98550224304,4
EMPLOYED_YEARS,94758.56201171875,4
NAME_CONTRACT_TYPE_Cash_loans,10011.027132034302,4
NAME_CONTRACT_TYPE_Revolving_loans,2452.0304069519043,4
NAME_CONTRACT_TYPE_nan,0.0,4
CODE_GENDER_F,38937.86671447754,4
CODE_GENDER_M,31224.609978675842,4
CODE_GENDER_XNA,0.0,4
CODE_GENDER_nan,0.0,4
FLAG_OWN_CAR_N,10503.992738723755,4
FLAG_OWN_CAR_Y,2675.029305458069,4
FLAG_OWN_CAR_nan,0.0,4
FLAG_OWN_REALTY_N,2369.0701866149902,4
FLAG_OWN_REALTY_Y,102.56529998779297,4
FLAG_OWN_REALTY_nan,0.0,4
NAME_TYPE_SUITE_Children,674.4436111450195,4
NAME_TYPE_SUITE_Family,1587.6717109680176,4
NAME_TYPE_SUITE_Group_of_people,0.0,4
NAME_TYPE_SUITE_Other_A,0.0,4
NAME_TYPE_SUITE_Other_B,91.6697006225586,4
NAME_TYPE_SUITE_Spouse_partner,1186.178394317627,4
NAME_TYPE_SUITE_Unaccompanied,2023.8449878692627,4
NAME_TYPE_SUITE_nan,282.86429595947266,4
NAME_INCOME_TYPE_Businessman,0.0,4
NAME_INCOME_TYPE_Commercial_associate,2024.3194961547852,4
NAME_INCOME_TYPE_Maternity_leave,0.0,4
NAME_INCOME_TYPE_Pensioner,340.1851997375488,4
NAME_INCOME_TYPE_State_servant,5114.994100570679,4
NAME_INCOME_TYPE_Student,0.0,4
NAME_INCOME_TYPE_Unemployed,0.0,4
NAME_INCOME_TYPE_Working,18499.830869674683,4
NAME_INCOME_TYPE_nan,0.0,4
NAME_EDUCATION_TYPE_Academic_degree,0.0,4
NAME_EDUCATION_TYPE_Higher_education,58223.72129058838,4
NAME_EDUCATION_TYPE_Incomplete_higher,991.0390930175781,4
NAME_EDUCATION_TYPE_Lower_secondary,558.3113975524902,4
NAME_EDUCATION_TYPE_Secondary__secondary_special,15471.815896987915,4
NAME_EDUCATION_TYPE_nan,0.0,4
NAME_FAMILY_STATUS_Civil_marriage,1216.9300918579102,4
NAME_FAMILY_STATUS_Married,23582.9104719162,4
NAME_FAMILY_STATUS_Separated,2988.4872875213623,4
NAME_FAMILY_STATUS_Single__not_married,2810.2184982299805,4
NAME_FAMILY_STATUS_Unknown,0.0,4
NAME_FAMILY_STATUS_Widow,1962.9979972839355,4
NAME_FAMILY_STATUS_nan,0.0,4
NAME_HOUSING_TYPE_Co-op_apartment,87.96649932861328,4
NAME_HOUSING_TYPE_House__apartment,2078.1661128997803,4
NAME_HOUSING_TYPE_Municipal_apartment,2074.0487060546875,4
NAME_HOUSING_TYPE_Office_apartment,711.2065048217773,4
NAME_HOUSING_TYPE_Rented_apartment,581.0124969482422,4
NAME_HOUSING_TYPE_With_parents,312.4782028198242,4
NAME_HOUSING_TYPE_nan,0.0,4
WEEKDAY_APPR_PROCESS_START_FRIDAY,1136.23099899292,4
WEEKDAY_APPR_PROCESS_START_MONDAY,2041.1882038116455,4
WEEKDAY_APPR_PROCESS_START_SATURDAY,1972.121916770935,4
WEEKDAY_APPR_PROCESS_START_SUNDAY,537.0572967529297,4
WEEKDAY_APPR_PROCESS_START_THURSDAY,1709.4083061218262,4
WEEKDAY_APPR_PROCESS_START_TUESDAY,1747.7488918304443,4
WEEKDAY_APPR_PROCESS_START_WEDNESDAY,2761.03879070282,4
WEEKDAY_APPR_PROCESS_START_nan,0.0,4
FONDKAPREMONT_MODE_not_specified,333.13169860839844,4
FONDKAPREMONT_MODE_org_spec_account,1189.2975959777832,4
FONDKAPREMONT_MODE_reg_oper_account,194.88140106201172,4
FONDKAPREMONT_MODE_reg_oper_spec_account,418.6930961608887,4
FONDKAPREMONT_MODE_nan,213.5709991455078,4
HOUSETYPE_MODE_block_of_flats,177.5717067718506,4
HOUSETYPE_MODE_specific_housing,151.93989944458008,4
HOUSETYPE_MODE_terraced_house,0.0,4
HOUSETYPE_MODE_nan,113.83620071411133,4
WALLSMATERIAL_MODE_Block,852.2255935668945,4
WALLSMATERIAL_MODE_Mixed,95.48530197143555,4
WALLSMATERIAL_MODE_Monolithic,48.667701721191406,4
WALLSMATERIAL_MODE_Others,47.36320114135742,4
WALLSMATERIAL_MODE_Panel,3010.944984436035,4
WALLSMATERIAL_MODE_Stone_brick,2921.5395002365112,4
WALLSMATERIAL_MODE_Wooden,69.37210083007812,4
WALLSMATERIAL_MODE_nan,156.52700233459473,4
EMERGENCYSTATE_MODE_No,562.3522987365723,4
EMERGENCYSTATE_MODE_Yes,195.64159774780273,4
EMERGENCYSTATE_MODE_nan,323.4731979370117,4
OCCUPATION_TYPE_FE,16588.228734970093,4
ORGANIZATION_TYPE_FE,26733.20220184326,4
CNT_CHILDREN,2132.278799057007,5
AMT_INCOME_TOTAL,23101.488441467285,5
AMT_CREDIT,101039.31328010559,5
AMT_ANNUITY,82059.46786689758,5
AMT_GOODS_PRICE,85648.64916229248,5
REGION_POPULATION_RELATIVE,30308.909324645996,5
DAYS_BIRTH,89572.12117767334,5
DAYS_EMPLOYED,90909.32818031311,5
DAYS_REGISTRATION,41935.48365020752,5
DAYS_ID_PUBLISH,66596.27809906006,5
OWN_CAR_AGE,34668.35041618347,5
FLAG_MOBIL,0.0,5
FLAG_EMP_PHONE,519.8801956176758,5
FLAG_WORK_PHONE,5316.171224594116,5
FLAG_CONT_MOBILE,0.0,5
FLAG_PHONE,2865.824716567993,5
FLAG_EMAIL,908.771900177002,5
CNT_FAM_MEMBERS,5158.059579849243,5
REGION_RATING_CLIENT,4484.836112976074,5
REGION_RATING_CLIENT_W_CITY,13568.519512176514,5
HOUR_APPR_PROCESS_START,12490.207307815552,5
REG_REGION_NOT_LIVE_REGION,595.7982902526855,5
REG_REGION_NOT_WORK_REGION,497.3716049194336,5
LIVE_REGION_NOT_WORK_REGION,840.3936882019043,5
REG_CITY_NOT_LIVE_CITY,6955.798902511597,5
REG_CITY_NOT_WORK_CITY,2363.855197906494,5
LIVE_CITY_NOT_WORK_CITY,906.1664047241211,5
EXT_SOURCE_1,228363.48889923096,5
EXT_SOURCE_2,681561.5655956268,5
EXT_SOURCE_3,674525.9214820862,5
APARTMENTS_AVG,8689.879898071289,5
BASEMENTAREA_AVG,6663.306230545044,5
YEARS_BEGINEXPLUATATION_AVG,9159.684143066406,5
YEARS_BUILD_AVG,4100.533580780029,5
COMMONAREA_AVG,6971.5654945373535,5
ELEVATORS_AVG,4160.086837768555,5
ENTRANCES_AVG,5639.994314193726,5
FLOORSMAX_AVG,7267.270317077637,5
FLOORSMIN_AVG,3281.791492462158,5
LANDAREA_AVG,7555.125381469727,5
LIVINGAPARTMENTS_AVG,4063.315589904785,5
LIVINGAREA_AVG,11503.407608032227,5
NONLIVINGAPARTMENTS_AVG,2835.1354026794434,5
NONLIVINGAREA_AVG,9974.393409729004,5
APARTMENTS_MODE,6794.812202453613,5
BASEMENTAREA_MODE,8059.091472625732,5
YEARS_BEGINEXPLUATATION_MODE,12564.372701644897,5
YEARS_BUILD_MODE,3966.3343296051025,5
COMMONAREA_MODE,6002.715599060059,5
ELEVATORS_MODE,2725.515426635742,5
ENTRANCES_MODE,2406.202796936035,5
FLOORSMAX_MODE,2364.313201904297,5
FLOORSMIN_MODE,1207.612003326416,5
LANDAREA_MODE,9744.655378341675,5
LIVINGAPARTMENTS_MODE,4320.777280807495,5
LIVINGAREA_MODE,8334.807615280151,5
NONLIVINGAPARTMENTS_MODE,2966.2037239074707,5
NONLIVINGAREA_MODE,8670.811214447021,5
APARTMENTS_MEDI,7205.153835296631,5
BASEMENTAREA_MEDI,5699.008819580078,5
YEARS_BEGINEXPLUATATION_MEDI,9171.967893600464,5
YEARS_BUILD_MEDI,3403.0304985046387,5
COMMONAREA_MEDI,5608.399589538574,5
ELEVATORS_MEDI,598.0559005737305,5
ENTRANCES_MEDI,2877.30908203125,5
FLOORSMAX_MEDI,1777.4149932861328,5
FLOORSMIN_MEDI,1379.9974994659424,5
LANDAREA_MEDI,4725.155908584595,5
LIVINGAPARTMENTS_MEDI,3610.859893798828,5
LIVINGAREA_MEDI,6354.678085327148,5
NONLIVINGAPARTMENTS_MEDI,1372.2955055236816,5
NONLIVINGAREA_MEDI,7032.056667327881,5
TOTALAREA_MODE,15738.023843765259,5
OBS_30_CNT_SOCIAL_CIRCLE,6232.7458782196045,5
DEF_30_CNT_SOCIAL_CIRCLE,12247.435884475708,5
OBS_60_CNT_SOCIAL_CIRCLE,6873.686904907227,5
DEF_60_CNT_SOCIAL_CIRCLE,10772.407526016235,5
DAYS_LAST_PHONE_CHANGE,54588.6057472229,5
FLAG_DOCUMENT_2,0.0,5
FLAG_DOCUMENT_3,18372.420127868652,5
FLAG_DOCUMENT_4,0.0,5
FLAG_DOCUMENT_5,59.802799224853516,5
FLAG_DOCUMENT_6,1370.859302520752,5
FLAG_DOCUMENT_7,0.0,5
FLAG_DOCUMENT_8,710.9804916381836,5
FLAG_DOCUMENT_9,0.0,5
FLAG_DOCUMENT_10,0.0,5
FLAG_DOCUMENT_11,198.50679779052734,5
FLAG_DOCUMENT_12,0.0,5
FLAG_DOCUMENT_13,1190.965991973877,5
FLAG_DOCUMENT_14,1653.8726959228516,5
FLAG_DOCUMENT_15,126.3026008605957,5
FLAG_DOCUMENT_16,3517.1943950653076,5
FLAG_DOCUMENT_17,0.0,5
FLAG_DOCUMENT_18,2707.4218788146973,5
FLAG_DOCUMENT_19,0.0,5
FLAG_DOCUMENT_20,0.0,5
FLAG_DOCUMENT_21,0.0,5
AMT_REQ_CREDIT_BUREAU_HOUR,0.0,5
AMT_REQ_CREDIT_BUREAU_DAY,1169.3219051361084,5
AMT_REQ_CREDIT_BUREAU_WEEK,763.9409065246582,5
AMT_REQ_CREDIT_BUREAU_MON,4344.56392288208,5
AMT_REQ_CREDIT_BUREAU_QRT,9666.136682510376,5
AMT_REQ_CREDIT_BUREAU_YEAR,5798.06379699707,5
AMT_ANNUITY_NA,0.0,5
AMT_GOODS_PRICE_NA,0.0,5
AGE_YEARS,78114.75712776184,5
CREDIT_INCOME_RATIO,48689.269550323486,5
BUREAU_AMT_CREDIT_SUM_SUM,38576.30005645752,5
BUREAU_AMT_CREDIT_SUM_MEAN,33452.04805183411,5
BUREAU_AMT_CREDIT_SUM_MAX,36659.944372177124,5
BUREAU_AMT_CREDIT_SUM_MIN,30552.71967124939,5
BUREAU_AMT_CREDIT_SUM_STD,27054.94737625122,5
BUREAU_AMT_CREDIT_SUM_DEBT_SUM,31107.462020874023,5
BUREAU_AMT_CREDIT_SUM_DEBT_MEAN,51858.99822998047,5
BUREAU_AMT_CREDIT_SUM_DEBT_MAX,22461.542938232422,5
BUREAU_AMT_CREDIT_SUM_DEBT_MIN,9431.4967212677,5
BUREAU_AMT_CREDIT_SUM_DEBT_STD,38403.79101753235,5
BUREAU_AMT_CREDIT_SUM_LIMIT_SUM,7435.118696212769,5
BUREAU_AMT_CREDIT_SUM_LIMIT_MEAN,10113.08821105957,5
BUREAU_AMT_CREDIT_SUM_LIMIT_MAX,7048.887920379639,5
BUREAU_AMT_CREDIT_SUM_LIMIT_MIN,1023.2232913970947,5
BUREAU_AMT_CREDIT_SUM_LIMIT_STD,9429.443702697754,5
BUREAU_AMT_ANNUITY_SUM,5518.766622543335,5
BUREAU_AMT_ANNUITY_MEAN,6112.397100448608,5
BUREAU_AMT_ANNUITY_MAX,7098.318397521973,5
BUREAU_AMT_ANNUITY_MIN,5643.06400680542,5
BUREAU_AMT_ANNUITY_STD,7633.234596252441,5
BUREAU_CREDIT_ACTIVE_NUNIQUE,1190.2002983093262,5
BUREAU_CREDIT_ACTIVE_<LAMBDA_0>,29757.428730010986,5
PREV_AMT_ANNUITY_SUM,19897.08568763733,5
PREV_AMT_ANNUITY_MEAN,31234.41330718994,5
PREV_AMT_ANNUITY_MAX,31292.54532623291,5
PREV_AMT_ANNUITY_MIN,41229.917541503906,5
PREV_AMT_ANNUITY_STD,27112.663078308105,5
PREV_AMT_APPLICATION_SUM,16465.75354385376,5
PREV_AMT_APPLICATION_MEAN,17856.889421463013,5
PREV_AMT_APPLICATION_MAX,15811.185525894165,5
PREV_AMT_APPLICATION_MIN,13010.171918869019,5
PREV_AMT_APPLICATION_STD,15134.644975662231,5
PREV_AMT_CREDIT_SUM,23559.150245666504,5
PREV_AMT_CREDIT_MEAN,21401.183347702026,5
PREV_AMT_CREDIT_MAX,27172.486629486084,5
PREV_AMT_CREDIT_MIN,15708.245195388794,5
PREV_AMT_CREDIT_STD,25307.552270889282,5
PREV_AMT_DOWN_PAYMENT_SUM,77411.58654403687,5
PREV_AMT_DOWN_PAYMENT_MEAN,27845.725791931152,5
PREV_AMT_DOWN_PAYMENT_MAX,31103.03083229065,5
PREV_AMT_DOWN_PAYMENT_MIN,10001.021812438965,5
PREV_AMT_DOWN_PAYMENT_STD,26234.782234191895,5
PREV_NAME_CONTRACT_STATUS_<LAMBDA>,67355.09719467163,5
PREV_DAYS_DECISION_MIN,50391.541147232056,5
PREV_DAYS_DECISION_MAX,32713.544094085693,5
INST_DAYS_LATE_MEAN,41223.39165306091,5
INST_DAYS_LATE_MAX,52916.60384941101,5
INST_DAYS_LATE_SUM,42881.45700263977,5
INST_DAYS_LATE_STD,38914.948680877686,5
INST_LATE_FLAG_SUM,10040.046436309814,5
INST_LATE_FLAG_MEAN,138906.02401924133,5
INST_AMT_PAYMENT_SUM,63383.71104812622,5
INST_AMT_PAYMENT_MEAN,31510.4216632843,5
INST_AMT_PAYMENT_MAX,60696.78123283386,5
CC_CC_UTIL_MEAN,55008.25539398193,5
CC_CC_UTIL_MAX,29120.463592529297,5
CC_CC_UTIL_STD,10443.918214797974,5
CC_AMT_BALANCE_MEAN,19513.042331695557,5
CC_AMT_BALANCE_MAX,18569.287315368652,5
CC_SK_ID_PREV_NUNIQUE,0.0,5
CC_SK_ID_PREV_COUNT,35038.01767349243,5
POS_MONTHS_BALANCE_MIN,57893.54877471924,5
POS_MONTHS_BALANCE_MAX,34163.49197387695,5
POS_MONTHS_BALANCE_COUNT,29071.506229400635,5
POS_NAME_CONTRACT_STATUS_<LAMBDA>,26878.829341888428,5
CREDIT_TO_INCOME,9272.47214126587,5
ANNUITY_TO_INCOME,48896.956102371216,5
EMPLOYED_YEARS,55006.981409072876,5
NAME_CONTRACT_TYPE_Cash_loans,10427.867805480957,5
NAME_CONTRACT_TYPE_Revolving_loans,2044.1581802368164,5
NAME_CONTRACT_TYPE_nan,0.0,5
CODE_GENDER_F,50433.1220741272,5
CODE_GENDER_M,23672.90442276001,5
CODE_GENDER_XNA,0.0,5
CODE_GENDER_nan,0.0,5
FLAG_OWN_CAR_N,17806.80166053772,5
FLAG_OWN_CAR_Y,2401.7968521118164,5
FLAG_OWN_CAR_nan,0.0,5
FLAG_OWN_REALTY_N,1023.5744075775146,5
FLAG_OWN_REALTY_Y,245.5452995300293,5
FLAG_OWN_REALTY_nan,0.0,5
NAME_TYPE_SUITE_Children,995.759204864502,5
NAME_TYPE_SUITE_Family,1134.5347023010254,5
NAME_TYPE_SUITE_Group_of_people,0.0,5
NAME_TYPE_SUITE_Other_A,0.0,5
NAME_TYPE_SUITE_Other_B,606.070198059082,5
NAME_TYPE_SUITE_Spouse_partner,426.33800888061523,5
NAME_TYPE_SUITE_Unaccompanied,1270.2349967956543,5
NAME_TYPE_SUITE_nan,109.54090118408203,5
NAME_INCOME_TYPE_Businessman,0.0,5
NAME_INCOME_TYPE_Commercial_associate,1544.5344924926758,5
NAME_INCOME_TYPE_Maternity_leave,0.0,5
NAME_INCOME_TYPE_Pensioner,1063.276683807373,5
NAME_INCOME_TYPE_State_servant,3999.520294189453,5
NAME_INCOME_TYPE_Student,0.0,5
NAME_INCOME_TYPE_Unemployed,0.0,5
NAME_INCOME_TYPE_Working,14086.760803222656,5
NAME_INCOME_TYPE_nan,0.0,5
NAME_EDUCATION_TYPE_Academic_degree,0.0,5
NAME_EDUCATION_TYPE_Higher_education,61684.92598724365,5
NAME_EDUCATION_TYPE_Incomplete_higher,1326.3811950683594,5
NAME_EDUCATION_TYPE_Lower_secondary,1084.0082988739014,5
NAME_EDUCATION_TYPE_Secondary__secondary_special,17178.78999710083,5
NAME_EDUCATION_TYPE_nan,0.0,5
NAME_FAMILY_STATUS_Civil_marriage,260.2154998779297,5
NAME_FAMILY_STATUS_Married,16730.764852523804,5
NAME_FAMILY_STATUS_Separated,1222.0411071777344,5
NAME_FAMILY_STATUS_Single__not_married,1003.1294956207275,5
NAME_FAMILY_STATUS_Unknown,0.0,5
NAME_FAMILY_STATUS_Widow,1140.28910446167,5
NAME_FAMILY_STATUS_nan,0.0,5
NAME_HOUSING_TYPE_Co-op_apartment,0.0,5
NAME_HOUSING_TYPE_House__apartment,3696.7698078155518,5
NAME_HOUSING_TYPE_Municipal_apartment,1412.5186920166016,5
NAME_HOUSING_TYPE_Office_apartment,1459.5649013519287,5
NAME_HOUSING_TYPE_Rented_apartment,236.99210357666016,5
NAME_HOUSING_TYPE_With_parents,596.1222953796387,5
NAME_HOUSING_TYPE_nan,0.0,5
WEEKDAY_APPR_PROCESS_START_FRIDAY,1222.390697479248,5
WEEKDAY_APPR_PROCESS_START_MONDAY,2030.6014003753662,5
WEEKDAY_APPR_PROCESS_START_SATURDAY,1674.1065044403076,5
WEEKDAY_APPR_PROCESS_START_SUNDAY,2289.585292816162,5
WEEKDAY_APPR_PROCESS_START_THURSDAY,1295.1204814910889,5
WEEKDAY_APPR_PROCESS_START_TUESDAY,616.7088012695312,5
WEEKDAY_APPR_PROCESS_START_WEDNESDAY,1406.5677967071533,5
WEEKDAY_APPR_PROCESS_START_nan,0.0,5
FONDKAPREMONT_MODE_not_specified,155.88779830932617,5
FONDKAPREMONT_MODE_org_spec_account,49.14039993286133,5
FONDKAPREMONT_MODE_reg_oper_account,489.68970108032227,5
FONDKAPREMONT_MODE_reg_oper_spec_account,604.7215099334717,5
FONDKAPREMONT_MODE_nan,171.34300231933594,5
HOUSETYPE_MODE_block_of_flats,157.66119766235352,5
HOUSETYPE_MODE_specific_housing,0.0,5
HOUSETYPE_MODE_terraced_house,0.0,5
HOUSETYPE_MODE_nan,0.0,5
WALLSMATERIAL_MODE_Block,297.54530334472656,5
WALLSMATERIAL_MODE_Mixed,206.56330490112305,5
WALLSMATERIAL_MODE_Monolithic,180.36479949951172,5
WALLSMATERIAL_MODE_Others,186.33340072631836,5
WALLSMATERIAL_MODE_Panel,1311.1974124908447,5
WALLSMATERIAL_MODE_Stone_brick,699.2875022888184,5
WALLSMATERIAL_MODE_Wooden,51.56809997558594,5
WALLSMATERIAL_MODE_nan,57.10449981689453,5
EMERGENCYSTATE_MODE_No,191.4613971710205,5
EMERGENCYSTATE_MODE_Yes,505.8194999694824,5
EMERGENCYSTATE_MODE_nan,246.62470245361328,5
OCCUPATION_TYPE_FE,14176.852672576904,5
ORGANIZATION_TYPE_FE,30486.715435028076,5
