feature,coef,fold
CNT_CHILDREN,0.014881187783977087,1
AMT_INCOME_TOTAL,0.046210363101091244,1
AMT_CREDIT,0.8635722257202799,1
AMT_ANNUITY,0.09691315657363163,1
AMT_GOODS_PRICE,-0.9384106594516237,1
REGION_POPULATION_RELATIVE,0.029179618119726414,1
DAYS_BIRTH,0.04223234448057481,1
DAYS_EMPLOYED,0.07583063956677293,1
DAYS_REGISTRATION,0.03369616734591505,1
DAYS_ID_PUBLISH,0.059479571295231314,1
OWN_CAR_AGE,0.12365513248067418,1
FLAG_MOBIL,0.0,1
FLAG_EMP_PHONE,0.038054220033449215,1
FLAG_WORK_PHONE,0.0577596658154426,1
FLAG_CONT_MOBILE,-0.00741134719299862,1
FLAG_PHONE,-0.0399184330705347,1
FLAG_EMAIL,-0.018722259283373597,1
CNT_FAM_MEMBERS,-0.005615171008788664,1
REGION_RATING_CLIENT,-0.02606769775731583,1
REGION_RATING_CLIENT_W_CITY,0.11577191651598193,1
HOUR_APPR_PROCESS_START,-0.008199650359530049,1
REG_REGION_NOT_LIVE_REGION,-0.036303315618768435,1
REG_REGION_NOT_WORK_REGION,0.031215299901408863,1
LIVE_REGION_NOT_WORK_REGION,-0.029026631124305605,1
REG_CITY_NOT_LIVE_CITY,0.04526811925371415,1
REG_CITY_NOT_WORK_CITY,-0.007348774989454475,1
LIVE_CITY_NOT_WORK_CITY,0.004869819175332149,1
EXT_SOURCE_1,-0.07186291190588036,1
EXT_SOURCE_2,-0.3839146957136027,1
EXT_SOURCE_3,-0.39101700626276203,1
APARTMENTS_AVG,-0.004971620722749814,1
BASEMENTAREA_AVG,-0.006980704321462883,1
YEARS_BEGINEXPLUATATION_AVG,0.02684606258276441,1
YEARS_BUILD_AVG,-0.027880282844575804,1
COMMONAREA_AVG,0.004197943715224781,1
ELEVATORS_AVG,-0.0006530188145454808,1
ENTRANCES_AVG,-0.013358450736424395,1
FLOORSMAX_AVG,0.028368805147213825,1
FLOORSMIN_AVG,0.024346940474325923,1
LANDAREA_AVG,0.004930634476883215,1
LIVINGAPARTMENTS_AVG,-0.01740981796332779,1
LIVINGAREA_AVG,0.022451546266935133,1
NONLIVINGAPARTMENTS_AVG,0.005442759795137689,1
NONLIVINGAREA_AVG,-0.008078749394458294,1
APARTMENTS_MODE,-0.005027636525619492,1
BASEMENTAREA_MODE,-0.006840710145407109,1
YEARS_BEGINEXPLUATATION_MODE,-0.031493580314639905,1
YEARS_BUILD_MODE,-0.02785812036632214,1
COMMONAREA_MODE,0.004290449314568942,1
ELEVATORS_MODE,-0.0005031999833844203,1
ENTRANCES_MODE,-0.01327667279556981,1
FLOORSMAX_MODE,0.019395220857764246,1
FLOORSMIN_MODE,0.02447527684557037,1
LANDAREA_MODE,0.004892621084497509,1
LIVINGAPARTMENTS_MODE,-0.01742567392031697,1
LIVINGAREA_MODE,0.022427843269807148,1
NONLIVINGAPARTMENTS_MODE,0.005516772206954749,1
NONLIVINGAREA_MODE,-0.008131688890837735,1
APARTMENTS_MEDI,-0.005053948523920267,1
BASEMENTAREA_MEDI,-0.006920739955380084,1
YEARS_BEGINEXPLUATATION_MEDI,-0.007978830124218838,1
YEARS_BUILD_MEDI,-0.02791621387329408,1
COMMONAREA_MEDI,0.004181690147642964,1
ELEVATORS_MEDI,-0.0006695007323571207,1
ENTRANCES_MEDI,-0.013365436377467597,1
FLOORSMAX_MEDI,-0.08058250835308492,1
FLOORSMIN_MEDI,0.024352301077213118,1
LANDAREA_MEDI,0.0048502602919859245,1
LIVINGAPARTMENTS_MEDI,-0.017413172999618132,1
LIVINGAREA_MEDI,0.022409110982724925,1
NONLIVINGAPARTMENTS_MEDI,0.00546013752845282,1
NONLIVINGAREA_MEDI,-0.00814444942143479,1
TOTALAREA_MODE,0.012075878215200612,1
OBS_30_CNT_SOCIAL_CIRCLE,0.08185770510625032,1
DEF_30_CNT_SOCIAL_CIRCLE,0.045535876267600875,1
OBS_60_CNT_SOCIAL_CIRCLE,-0.08588958378326478,1
DEF_60_CNT_SOCIAL_CIRCLE,0.03529850926655926,1
DAYS_LAST_PHONE_CHANGE,0.05524391277220124,1
FLAG_DOCUMENT_2,0.010474834955978805,1
FLAG_DOCUMENT_3,0.20719058115027636,1
FLAG_DOCUMENT_4,-0.055245956562258024,1
FLAG_DOCUMENT_5,0.04348818085775072,1
FLAG_DOCUMENT_6,0.1322391614163523,1
FLAG_DOCUMENT_7,0.0022196817337954517,1
FLAG_DOCUMENT_8,0.07211808351434885,1
FLAG_DOCUMENT_9,0.006951137685248524,1
FLAG_DOCUMENT_10,-0.0374436761625214,1
FLAG_DOCUMENT_11,-0.0035160410567338235,1
FLAG_DOCUMENT_12,-0.014217364214590373,1
FLAG_DOCUMENT_13,-0.04668002672777827,1
FLAG_DOCUMENT_14,-0.02505316829602335,1
FLAG_DOCUMENT_15,-0.03304267217891452,1
FLAG_DOCUMENT_16,-0.03429608468867907,1
FLAG_DOCUMENT_17,-0.008590907844292932,1
FLAG_DOCUMENT_18,-0.041312449734429754,1
FLAG_DOCUMENT_19,-0.007539676283268699,1
FLAG_DOCUMENT_20,0.011047075211518242,1
FLAG_DOCUMENT_21,0.001334382424691253,1
AMT_REQ_CREDIT_BUREAU_HOUR,-0.008245520024994882,1
AMT_REQ_CREDIT_BUREAU_DAY,0.013468678103336329,1
AMT_REQ_CREDIT_BUREAU_WEEK,-0.01448033432680566,1
AMT_REQ_CREDIT_BUREAU_MON,-0.023901791913691378,1
AMT_REQ_CREDIT_BUREAU_QRT,-0.043787887296322624,1
AMT_REQ_CREDIT_BUREAU_YEAR,-0.021208493605946538,1
AMT_ANNUITY_NA,-0.0444475138352809,1
AMT_GOODS_PRICE_NA,0.025288914649393347,1
AGE_YEARS,-0.033183168892812365,1
CREDIT_INCOME_RATIO,0.009359080852466447,1
BUREAU_AMT_CREDIT_SUM_SUM,-0.1330968402249087,1
BUREAU_AMT_CREDIT_SUM_MEAN,0.06928485541683996,1
BUREAU_AMT_CREDIT_SUM_MAX,0.05789056219948458,1
BUREAU_AMT_CREDIT_SUM_MIN,-0.06469444677858681,1
BUREAU_AMT_CREDIT_SUM_STD,-0.10473553061734706,1
BUREAU_AMT_CREDIT_SUM_DEBT_SUM,0.26819131861013085,1
BUREAU_AMT_CREDIT_SUM_DEBT_MEAN,-0.10509805802408997,1
BUREAU_AMT_CREDIT_SUM_DEBT_MAX,-0.34047138390564324,1
BUREAU_AMT_CREDIT_SUM_DEBT_MIN,0.1213941155218208,1
BUREAU_AMT_CREDIT_SUM_DEBT_STD,0.18824025638768374,1
BUREAU_AMT_CREDIT_SUM_LIMIT_SUM,0.003782443431332902,1
BUREAU_AMT_CREDIT_SUM_LIMIT_MEAN,0.03162924121936416,1
BUREAU_AMT_CREDIT_SUM_LIMIT_MAX,0.03771525418170254,1
BUREAU_AMT_CREDIT_SUM_LIMIT_MIN,-0.05792177962926343,1
BUREAU_AMT_CREDIT_SUM_LIMIT_STD,-0.1320869836223557,1
BUREAU_AMT_ANNUITY_SUM,-0.0278230734910182,1
BUREAU_AMT_ANNUITY_MEAN,0.02112632976291236,1
BUREAU_AMT_ANNUITY_MAX,0.0676771334575989,1
BUREAU_AMT_ANNUITY_MIN,-0.04246795210742546,1
BUREAU_AMT_ANNUITY_STD,-0.053548352438693325,1
BUREAU_CREDIT_ACTIVE_NUNIQUE,-0.012045219960363387,1
BUREAU_CREDIT_ACTIVE_<LAMBDA_0>,0.10959977510723988,1
PREV_AMT_ANNUITY_SUM,-0.1722161652340727,1
PREV_AMT_ANNUITY_MEAN,-0.05081714033801458,1
PREV_AMT_ANNUITY_MAX,-0.13533803794436666,1
PREV_AMT_ANNUITY_MIN,-0.031841843406486464,1
PREV_AMT_ANNUITY_STD,0.04294229495659944,1
PREV_AMT_APPLICATION_SUM,0.031018901420553985,1
PREV_AMT_APPLICATION_MEAN,0.0308591260856284,1
PREV_AMT_APPLICATION_MAX,0.07971146286507577,1
PREV_AMT_APPLICATION_MIN,-0.036759246882094705,1
PREV_AMT_APPLICATION_STD,-0.17636660796640308,1
PREV_AMT_CREDIT_SUM,0.05242337617748334,1
PREV_AMT_CREDIT_MEAN,0.0989865547764024,1
PREV_AMT_CREDIT_MAX,0.14146407250873888,1
PREV_AMT_CREDIT_MIN,-0.03492799057568327,1
PREV_AMT_CREDIT_STD,0.018731959071654637,1
PREV_AMT_DOWN_PAYMENT_SUM,-0.07190852297634355,1
PREV_AMT_DOWN_PAYMENT_MEAN,-0.10294301504315484,1
PREV_AMT_DOWN_PAYMENT_MAX,-0.1447297921147324,1
PREV_AMT_DOWN_PAYMENT_MIN,0.1574804043211757,1
PREV_AMT_DOWN_PAYMENT_STD,0.21279455878516668,1
PREV_NAME_CONTRACT_STATUS_<LAMBDA>,0.14578487158762146,1
PREV_DAYS_DECISION_MIN,0.05025535960823302,1
PREV_DAYS_DECISION_MAX,0.011961185831393759,1
INST_DAYS_LATE_MEAN,0.0014785276533241568,1
INST_DAYS_LATE_MAX,-0.011080415715763453,1
INST_DAYS_LATE_SUM,0.001737859959591347,1
INST_DAYS_LATE_STD,0.01575851354603893,1
INST_LATE_FLAG_SUM,0.001972494263159732,1
INST_LATE_FLAG_MEAN,0.19842734054512165,1
INST_AMT_PAYMENT_SUM,-0.01865609242144288,1
INST_AMT_PAYMENT_MEAN,-0.03721193138000694,1
INST_AMT_PAYMENT_MAX,0.13619821049175107,1
CC_CC_UTIL_MEAN,0.007169428981559379,1
CC_CC_UTIL_MAX,-0.01842392041250804,1
CC_CC_UTIL_STD,-9.55322522896567e-05,1
CC_AMT_BALANCE_MEAN,0.07009529613597736,1
CC_AMT_BALANCE_MAX,0.05999371327027737,1
CC_SK_ID_PREV_NUNIQUE,0.013919444316918467,1
CC_SK_ID_PREV_COUNT,-0.047307362668100594,1
POS_MONTHS_BALANCE_MIN,0.10392488840422914,1
POS_MONTHS_BALANCE_MAX,-0.08785743357884772,1
POS_MONTHS_BALANCE_COUNT,0.041107648667417826,1
POS_NAME_CONTRACT_STATUS_<LAMBDA>,-0.04368532131672868,1
CREDIT_TO_INCOME,0.009359080852466447,1
ANNUITY_TO_INCOME,0.08306999011261142,1
EMPLOYED_YEARS,-0.07583063956681924,1
NAME_CONTRACT_TYPE_Cash_loans,-0.0306430715959579,1
NAME_CONTRACT_TYPE_Revolving_loans,0.0306430715959579,1
NAME_CONTRACT_TYPE_nan,0.0,1
CODE_GENDER_F,-0.10926269184637778,1
CODE_GENDER_M,0.10951281937839615,1
CODE_GENDER_XNA,-0.029282054749132518,1
CODE_GENDER_nan,0.0,1
FLAG_OWN_CAR_N,0.11682980709821746,1
FLAG_OWN_CAR_Y,-0.11682980709821746,1
FLAG_OWN_CAR_nan,0.0,1
FLAG_OWN_REALTY_N,-0.0016429834082491994,1
FLAG_OWN_REALTY_Y,0.0016429834082587501,1
FLAG_OWN_REALTY_nan,0.0,1
NAME_TYPE_SUITE_Children,0.010234010194359119,1
NAME_TYPE_SUITE_Family,0.0032703449322300793,1
NAME_TYPE_SUITE_Group_of_people,-0.008300966929396806,1
NAME_TYPE_SUITE_Other_A,-0.003864173829295452,1
NAME_TYPE_SUITE_Other_B,0.013446476942676476,1
NAME_TYPE_SUITE_Spouse_partner,-0.013317552824945718,1
NAME_TYPE_SUITE_Unaccompanied,0.001314735525344801,1
NAME_TYPE_SUITE_nan,-0.011165884676041746,1
NAME_INCOME_TYPE_Businessman,-0.03096697055330209,1
NAME_INCOME_TYPE_Commercial_associate,0.01503617523354639,1
NAME_INCOME_TYPE_Maternity_leave,0.007076104661610441,1
NAME_INCOME_TYPE_Pensioner,-0.05237822853979183,1
NAME_INCOME_TYPE_State_servant,-0.04067069702339411,1
NAME_INCOME_TYPE_Student,-0.048598520019408155,1
NAME_INCOME_TYPE_Unemployed,0.020433532642902513,1
NAME_INCOME_TYPE_Working,0.04896011671906617,1
NAME_INCOME_TYPE_nan,0.0,1
NAME_EDUCATION_TYPE_Academic_degree,-0.027660523764679874,1
NAME_EDUCATION_TYPE_Higher_education,-0.07878225969051379,1
NAME_EDUCATION_TYPE_Incomplete_higher,-0.010197191546576615,1
NAME_EDUCATION_TYPE_Lower_secondary,0.03168149827349556,1
NAME_EDUCATION_TYPE_Secondary__secondary_special,0.07229512584644075,1
NAME_EDUCATION_TYPE_nan,0.0,1
NAME_FAMILY_STATUS_Civil_marriage,0.027328781427311523,1
NAME_FAMILY_STATUS_Married,-0.04967300398732971,1
NAME_FAMILY_STATUS_Separated,0.025618155013824993,1
NAME_FAMILY_STATUS_Single__not_married,0.030450279573449486,1
NAME_FAMILY_STATUS_Unknown,-0.021405059879014567,1
NAME_FAMILY_STATUS_Widow,-0.005541424055660572,1
NAME_FAMILY_STATUS_nan,0.0,1
NAME_HOUSING_TYPE_Co-op_apartment,0.004153018253645722,1
NAME_HOUSING_TYPE_House__apartment,-0.009815533604466936,1
NAME_HOUSING_TYPE_Municipal_apartment,0.026457146089989596,1
NAME_HOUSING_TYPE_Office_apartment,-0.02477723438062653,1
NAME_HOUSING_TYPE_Rented_apartment,0.009510852625739244,1
NAME_HOUSING_TYPE_With_parents,-0.00469100138116363,1
NAME_HOUSING_TYPE_nan,0.0,1
WEEKDAY_APPR_PROCESS_START_FRIDAY,0.00953404760133052,1
WEEKDAY_APPR_PROCESS_START_MONDAY,-0.019636863985463854,1
WEEKDAY_APPR_PROCESS_START_SATURDAY,-0.01752528053526093,1
WEEKDAY_APPR_PROCESS_START_SUNDAY,-0.015217745043925156,1
WEEKDAY_APPR_PROCESS_START_THURSDAY,0.0048405778192017685,1
WEEKDAY_APPR_PROCESS_START_TUESDAY,0.02016171353654681,1
WEEKDAY_APPR_PROCESS_START_WEDNESDAY,0.008476744513670321,1
WEEKDAY_APPR_PROCESS_START_nan,0.0,1
FONDKAPREMONT_MODE_not_specified,0.0035205711979945224,1
FONDKAPREMONT_MODE_org_spec_account,-0.002296853610477141,1
FONDKAPREMONT_MODE_reg_oper_account,0.01270700435455591,1
FONDKAPREMONT_MODE_reg_oper_spec_account,-0.011015880963524086,1
FONDKAPREMONT_MODE_nan,-0.00743275465387869,1
HOUSETYPE_MODE_block_of_flats,0.005657875227334747,1
HOUSETYPE_MODE_specific_housing,0.011493040441287924,1
HOUSETYPE_MODE_terraced_house,-0.0005020747030449701,1
HOUSETYPE_MODE_nan,-0.00718445987299394,1
WALLSMATERIAL_MODE_Block,0.005804622225973209,1
WALLSMATERIAL_MODE_Mixed,0.009967102928008429,1
WALLSMATERIAL_MODE_Monolithic,-0.012099460061734346,1
WALLSMATERIAL_MODE_Others,0.013791836637828313,1
WALLSMATERIAL_MODE_Panel,-0.0036206267127215142,1
WALLSMATERIAL_MODE_Stone_brick,0.04096772484942427,1
WALLSMATERIAL_MODE_Wooden,0.0050252849339400794,1
WALLSMATERIAL_MODE_nan,-0.035591640857685305,1
EMERGENCYSTATE_MODE_No,-0.028107741323414256,1
EMERGENCYSTATE_MODE_Yes,-0.002256206345956482,1
EMERGENCYSTATE_MODE_nan,0.02851813491688817,1
OCCUPATION_TYPE_FE,-0.00926842410959045,1
ORGANIZATION_TYPE_FE,0.04277371947944967,1
CNT_CHILDREN,0.012207970033738826,2
AMT_INCOME_TOTAL,0.08745527145398152,2
AMT_CREDIT,0.8926155864959073,2
AMT_ANNUITY,0.09154996547320841,2
AMT_GOODS_PRICE,-0.9604587360646956,2
REGION_POPULATION_RELATIVE,0.03289194305811537,2
DAYS_BIRTH,0.04688098379724331,2
DAYS_EMPLOYED,0.07443275379705037,2
DAYS_REGISTRATION,0.026977415478717404,2
DAYS_ID_PUBLISH,0.04764404064572583,2
OWN_CAR_AGE,0.10133050795878826,2
FLAG_MOBIL,0.0118380959621461,2
FLAG_EMP_PHONE,-0.022664604296942295,2
FLAG_WORK_PHONE,0.0543306715014321,2
FLAG_CONT_MOBILE,-0.010261559002370904,2
FLAG_PHONE,-0.03087718241110329,2
FLAG_EMAIL,-0.019266406768386556,2
CNT_FAM_MEMBERS,-0.005756683809577995,2
REGION_RATING_CLIENT,-0.03069345306636408,2
REGION_RATING_CLIENT_W_CITY,0.10174290837795734,2
HOUR_APPR_PROCESS_START,-0.02322564161643185,2
REG_REGION_NOT_LIVE_REGION,-0.04155993018718352,2
REG_REGION_NOT_WORK_REGION,0.05685497835847212,2
LIVE_REGION_NOT_WORK_REGION,-0.060834790321328124,2
REG_CITY_NOT_LIVE_CITY,0.05622514756377097,2
REG_CITY_NOT_WORK_CITY,-0.02323681563933523,2
LIVE_CITY_NOT_WORK_CITY,0.018641405411987624,2
EXT_SOURCE_1,-0.07791189349274515,2
EXT_SOURCE_2,-0.3853292453896476,2
EXT_SOURCE_3,-0.3869954471958389,2
APARTMENTS_AVG,-0.00510296523014286,2
BASEMENTAREA_AVG,-0.0017902459900782275,2
YEARS_BEGINEXPLUATATION_AVG,0.08835661431245144,2
YEARS_BUILD_AVG,0.0021622545748138204,2
COMMONAREA_AVG,-0.0007768869542829461,2
ELEVATORS_AVG,-2.6729478109158222e-05,2
ENTRANCES_AVG,-0.004163188616365021,2
FLOORSMAX_AVG,0.06195634185327733,2
FLOORSMIN_AVG,0.0005736782431102307,2
LANDAREA_AVG,0.0006549540894160217,2
LIVINGAPARTMENTS_AVG,-0.017932665923484994,2
LIVINGAREA_AVG,0.0189608726088006,2
NONLIVINGAPARTMENTS_AVG,0.0035717656828979185,2
NONLIVINGAREA_AVG,-0.008479615899181621,2
APARTMENTS_MODE,-0.005125556943366321,2
BASEMENTAREA_MODE,-0.0017624349940956,2
YEARS_BEGINEXPLUATATION_MODE,0.00046358913074514104,2
YEARS_BUILD_MODE,0.0021127233984643496,2
COMMONAREA_MODE,-0.0007680394382798191,2
ELEVATORS_MODE,0.00010790571081344985,2
ENTRANCES_MODE,-0.0041386756779890855,2
FLOORSMAX_MODE,-0.07114268958528853,2
FLOORSMIN_MODE,0.0005075769771564609,2
LANDAREA_MODE,0.0005964648596985837,2
LIVINGAPARTMENTS_MODE,-0.017959142420732224,2
LIVINGAREA_MODE,0.018902418158538468,2
NONLIVINGAPARTMENTS_MODE,0.0036135768424151514,2
NONLIVINGAREA_MODE,-0.008614332789874163,2
APARTMENTS_MEDI,-0.005154723020759877,2
BASEMENTAREA_MEDI,-0.001750013765065579,2
YEARS_BEGINEXPLUATATION_MEDI,-0.10492863499337568,2
YEARS_BUILD_MEDI,0.0021409513627166574,2
COMMONAREA_MEDI,-0.000807484525822001,2
ELEVATORS_MEDI,-3.024787706466242e-05,2
ENTRANCES_MEDI,-0.004160492841379344,2
FLOORSMAX_MEDI,-0.0315593260079608,2
FLOORSMIN_MEDI,0.0005623802330512601,2
LANDAREA_MEDI,0.0006260286683771164,2
LIVINGAPARTMENTS_MEDI,-0.01792718114152501,2
LIVINGAREA_MEDI,0.018905542038626107,2
NONLIVINGAPARTMENTS_MEDI,0.0035821563999646434,2
NONLIVINGAREA_MEDI,-0.008544779483395305,2
TOTALAREA_MODE,0.014404389000558493,2
OBS_30_CNT_SOCIAL_CIRCLE,0.04659085035863988,2
DEF_30_CNT_SOCIAL_CIRCLE,0.035421366916687645,2
OBS_60_CNT_SOCIAL_CIRCLE,-0.03780353488360367,2
DEF_60_CNT_SOCIAL_CIRCLE,0.041272437791336034,2
DAYS_LAST_PHONE_CHANGE,0.056824054928902384,2
FLAG_DOCUMENT_2,0.02268871448351935,2
FLAG_DOCUMENT_3,0.19598442511998998,2
FLAG_DOCUMENT_4,-0.0490803831453992,2
FLAG_DOCUMENT_5,0.03827568580739994,2
FLAG_DOCUMENT_6,0.10501433134651074,2
FLAG_DOCUMENT_7,0.005889607650697429,2
FLAG_DOCUMENT_8,0.0745467530031948,2
FLAG_DOCUMENT_9,0.019780206105238337,2
FLAG_DOCUMENT_10,-0.027932974599189198,2
FLAG_DOCUMENT_11,-0.007106026263072956,2
FLAG_DOCUMENT_12,-0.010138086319189346,2
FLAG_DOCUMENT_13,-0.0387126796582966,2
FLAG_DOCUMENT_14,-0.025053926931692443,2
FLAG_DOCUMENT_15,-0.03919403749738745,2
FLAG_DOCUMENT_16,-0.04000494187663074,2
FLAG_DOCUMENT_17,-0.009348681101260671,2
FLAG_DOCUMENT_18,-0.04520838595779314,2
FLAG_DOCUMENT_19,-0.008718605777698018,2
FLAG_DOCUMENT_20,0.0011713695411327337,2
FLAG_DOCUMENT_21,0.0008502156188305333,2
AMT_REQ_CREDIT_BUREAU_HOUR,-0.002412234478142197,2
AMT_REQ_CREDIT_BUREAU_DAY,0.012698226306845929,2
AMT_REQ_CREDIT_BUREAU_WEEK,-0.009669459633253004,2
AMT_REQ_CREDIT_BUREAU_MON,-0.030525449967508216,2
AMT_REQ_CREDIT_BUREAU_QRT,-0.050606058614066335,2
AMT_REQ_CREDIT_BUREAU_YEAR,-0.0078000382073421465,2
AMT_ANNUITY_NA,-0.03492845718985324,2
AMT_GOODS_PRICE_NA,0.023133051936925584,2
AGE_YEARS,-0.04218388634251133,2
CREDIT_INCOME_RATIO,0.007969026966128029,2
BUREAU_AMT_CREDIT_SUM_SUM,-0.10160794896346326,2
BUREAU_AMT_CREDIT_SUM_MEAN,0.042922531364886524,2
BUREAU_AMT_CREDIT_SUM_MAX,0.024314095716963302,2
BUREAU_AMT_CREDIT_SUM_MIN,-0.04535804585140467,2
BUREAU_AMT_CREDIT_SUM_STD,-0.09570605059335197,2
BUREAU_AMT_CREDIT_SUM_DEBT_SUM,0.2686622110350239,2
BUREAU_AMT_CREDIT_SUM_DEBT_MEAN,-0.1118209136739617,2
BUREAU_AMT_CREDIT_SUM_DEBT_MAX,-0.32450617443095087,2
BUREAU_AMT_CREDIT_SUM_DEBT_MIN,0.10862579140590024,2
BUREAU_AMT_CREDIT_SUM_DEBT_STD,0.1966806310338205,2
BUREAU_AMT_CREDIT_SUM_LIMIT_SUM,0.011955842471513418,2
BUREAU_AMT_CREDIT_SUM_LIMIT_MEAN,0.05169916702319299,2
BUREAU_AMT_CREDIT_SUM_LIMIT_MAX,0.023990414746112586,2
BUREAU_AMT_CREDIT_SUM_LIMIT_MIN,-0.06452487944588875,2
BUREAU_AMT_CREDIT_SUM_LIMIT_STD,-0.1380180378923501,2
BUREAU_AMT_ANNUITY_SUM,-0.016241488281082808,2
BUREAU_AMT_ANNUITY_MEAN,0.023334449766929524,2
BUREAU_AMT_ANNUITY_MAX,0.060623631046021566,2
BUREAU_AMT_ANNUITY_MIN,-0.026236790847816167,2
BUREAU_AMT_ANNUITY_STD,-0.0571889387195055,2
BUREAU_CREDIT_ACTIVE_NUNIQUE,-0.025687301311802718,2
BUREAU_CREDIT_ACTIVE_<LAMBDA_0>,0.11480146078831187,2
PREV_AMT_ANNUITY_SUM,-0.15499096468512996,2
PREV_AMT_ANNUITY_MEAN,-0.03214010477116511,2
PREV_AMT_ANNUITY_MAX,-0.18919551463102563,2
PREV_AMT_ANNUITY_MIN,-0.01758534407315273,2
PREV_AMT_ANNUITY_STD,0.0774534014598029,2
PREV_AMT_APPLICATION_SUM,-0.02701967352921719,2
PREV_AMT_APPLICATION_MEAN,0.05743228912643053,2
PREV_AMT_APPLICATION_MAX,0.06473230930893527,2
PREV_AMT_APPLICATION_MIN,-0.06286886153777801,2
PREV_AMT_APPLICATION_STD,-0.1583016593191422,2
PREV_AMT_CREDIT_SUM,0.11278449362730378,2
PREV_AMT_CREDIT_MEAN,0.05154794795706356,2
PREV_AMT_CREDIT_MAX,0.14915598045677458,2
PREV_AMT_CREDIT_MIN,-0.00879027524659724,2
PREV_AMT_CREDIT_STD,0.006580207401655486,2
PREV_AMT_DOWN_PAYMENT_SUM,-0.02199469188078746,2
PREV_AMT_DOWN_PAYMENT_MEAN,-0.10701597582469832,2
PREV_AMT_DOWN_PAYMENT_MAX,-0.16639891160395173,2
PREV_AMT_DOWN_PAYMENT_MIN,0.12504648997020948,2
PREV_AMT_DOWN_PAYMENT_STD,0.19664438862251443,2
PREV_NAME_CONTRACT_STATUS_<LAMBDA>,0.1341911364517707,2
PREV_DAYS_DECISION_MIN,0.060813140294242354,2
PREV_DAYS_DECISION_MAX,0.019004960608978765,2
INST_DAYS_LATE_MEAN,0.003771553474763942,2
INST_DAYS_LATE_MAX,-0.015844477460508495,2
INST_DAYS_LATE_SUM,0.005418271014353963,2
INST_DAYS_LATE_STD,0.0184024906253584,2
INST_LATE_FLAG_SUM,0.009714520576143136,2
INST_LATE_FLAG_MEAN,0.18889933365028333,2
INST_AMT_PAYMENT_SUM,-0.014227450181577764,2
INST_AMT_PAYMENT_MEAN,-0.03147250128831204,2
INST_AMT_PAYMENT_MAX,0.13416148903635403,2
CC_CC_UTIL_MEAN,0.0019916606032440495,2
CC_CC_UTIL_MAX,0.009008050611096873,2
CC_CC_UTIL_STD,-0.022175720183450476,2
CC_AMT_BALANCE_MEAN,0.09406942063714333,2
CC_AMT_BALANCE_MAX,0.0442199272661767,2
CC_SK_ID_PREV_NUNIQUE,0.011459437411753181,2
CC_SK_ID_PREV_COUNT,-0.055500316119732426,2
POS_MONTHS_BALANCE_MIN,0.08143742866022656,2
POS_MONTHS_BALANCE_MAX,-0.0987772090526806,2
POS_MONTHS_BALANCE_COUNT,-0.06178660226856612,2
POS_NAME_CONTRACT_STATUS_<LAMBDA>,0.0410148831492841,2
CREDIT_TO_INCOME,0.007969026966128029,2
ANNUITY_TO_INCOME,0.07422160300767915,2
EMPLOYED_YEARS,-0.0744327537970556,2
NAME_CONTRACT_TYPE_Cash_loans,-0.023773625972763748,2
NAME_CONTRACT_TYPE_Revolving_loans,0.023773625972763748,2
NAME_CONTRACT_TYPE_nan,0.0,2
CODE_GENDER_F,-0.10930795715069128,2
CODE_GENDER_M,0.1095516129033455,2
CODE_GENDER_XNA,-0.028514652224782812,2
CODE_GENDER_nan,0.0,2
FLAG_OWN_CAR_N,0.10561761794044291,2
FLAG_OWN_CAR_Y,-0.10561761794045206,2
FLAG_OWN_CAR_nan,0.0,2
FLAG_OWN_REALTY_N,-0.002373754331387332,2
FLAG_OWN_REALTY_Y,0.0023737543313967244,2
FLAG_OWN_REALTY_nan,0.0,2
NAME_TYPE_SUITE_Children,0.007139456792088127,2
NAME_TYPE_SUITE_Family,0.003921334873327312,2
NAME_TYPE_SUITE_Group_of_people,-0.00035893488043524206,2
NAME_TYPE_SUITE_Other_A,-0.007304706249818802,2
NAME_TYPE_SUITE_Other_B,0.007536515541321935,2
NAME_TYPE_SUITE_Spouse_partner,-0.010131342934490277,2
NAME_TYPE_SUITE_Unaccompanied,0.001241416704952609,2
NAME_TYPE_SUITE_nan,-0.012252394947132482,2
NAME_INCOME_TYPE_Businessman,-0.02963964779373641,2
NAME_INCOME_TYPE_Commercial_associate,0.021255517996893767,2
NAME_INCOME_TYPE_Maternity_leave,0.010628132884946812,2
NAME_INCOME_TYPE_Pensioner,-0.08153447042254736,2
NAME_INCOME_TYPE_State_servant,-0.030738262335496206,2
NAME_INCOME_TYPE_Student,-0.05505329200765717,2
NAME_INCOME_TYPE_Unemployed,0.009896190292934495,2
NAME_INCOME_TYPE_Working,0.06139737288685555,2
NAME_INCOME_TYPE_nan,0.0,2
NAME_EDUCATION_TYPE_Academic_degree,-0.027448627111475606,2
NAME_EDUCATION_TYPE_Higher_education,-0.0779055689711161,2
NAME_EDUCATION_TYPE_Incomplete_higher,-0.015491203845712707,2
NAME_EDUCATION_TYPE_Lower_secondary,0.03224819655171215,2
NAME_EDUCATION_TYPE_Secondary__secondary_special,0.07337882590251228,2
NAME_EDUCATION_TYPE_nan,0.0,2
NAME_FAMILY_STATUS_Civil_marriage,0.028050939105715437,2
NAME_FAMILY_STATUS_Married,-0.04645385967330576,2
NAME_FAMILY_STATUS_Separated,0.026132073598311267,2
NAME_FAMILY_STATUS_Single__not_married,0.022566847340264155,2
NAME_FAMILY_STATUS_Unknown,-0.020540188406897794,2
NAME_FAMILY_STATUS_Widow,-0.001538603618878343,2
NAME_FAMILY_STATUS_nan,0.0,2
NAME_HOUSING_TYPE_Co-op_apartment,-0.0006138999460282771,2
NAME_HOUSING_TYPE_House__apartment,-0.014780591055565888,2
NAME_HOUSING_TYPE_Municipal_apartment,0.02599696127886383,2
NAME_HOUSING_TYPE_Office_apartment,-0.02145642385214981,2
NAME_HOUSING_TYPE_Rented_apartment,0.016089524869088177,2
NAME_HOUSING_TYPE_With_parents,-0.0009179416718634015,2
NAME_HOUSING_TYPE_nan,0.0,2
WEEKDAY_APPR_PROCESS_START_FRIDAY,0.008288537617183955,2
WEEKDAY_APPR_PROCESS_START_MONDAY,-0.013443914548731927,2
WEEKDAY_APPR_PROCESS_START_SATURDAY,-0.01650463098681172,2
WEEKDAY_APPR_PROCESS_START_SUNDAY,-0.01375955102562137,2
WEEKDAY_APPR_PROCESS_START_THURSDAY,0.007612306747530779,2
WEEKDAY_APPR_PROCESS_START_TUESDAY,0.013802449981862804,2
WEEKDAY_APPR_PROCESS_START_WEDNESDAY,0.0056275010200253104,2
WEEKDAY_APPR_PROCESS_START_nan,0.0,2
FONDKAPREMONT_MODE_not_specified,0.011253514745629146,2
FONDKAPREMONT_MODE_org_spec_account,-0.0017615437345086602,2
FONDKAPREMONT_MODE_reg_oper_account,0.008730827500410076,2
FONDKAPREMONT_MODE_reg_oper_spec_account,-0.005914322998503432,2
FONDKAPREMONT_MODE_nan,-0.008292719027305466,2
HOUSETYPE_MODE_block_of_flats,0.021315242975424333,2
HOUSETYPE_MODE_specific_housing,0.013220769388100675,2
HOUSETYPE_MODE_terraced_house,0.001462617269977123,2
HOUSETYPE_MODE_nan,-0.023328377892739588,2
WALLSMATERIAL_MODE_Block,-0.0049654468743321545,2
WALLSMATERIAL_MODE_Mixed,0.009913884557280301,2
WALLSMATERIAL_MODE_Monolithic,-0.008566011680764374,2
WALLSMATERIAL_MODE_Others,0.011611006872200657,2
WALLSMATERIAL_MODE_Panel,-0.009607546330532981,2
WALLSMATERIAL_MODE_Stone_brick,0.02530497504825785,2
WALLSMATERIAL_MODE_Wooden,0.0008343437995604764,2
WALLSMATERIAL_MODE_nan,-0.013366752572597484,2
EMERGENCYSTATE_MODE_No,-0.03628246731147368,2
EMERGENCYSTATE_MODE_Yes,-0.0025359284146027105,2
EMERGENCYSTATE_MODE_nan,0.03674285374580432,2
OCCUPATION_TYPE_FE,-0.017296362752654313,2
ORGANIZATION_TYPE_FE,0.0419937940025186,2
CNT_CHILDREN,0.016365824997611297,3
AMT_INCOME_TOTAL,0.11444481836395745,3
AMT_CREDIT,0.8104747130337959,3
AMT_ANNUITY,0.08982284695414484,3
AMT_GOODS_PRICE,-0.8962622568825684,3
REGION_POPULATION_RELATIVE,0.04157206043990792,3
DAYS_BIRTH,0.043869860788272624,3
DAYS_EMPLOYED,0.07750011330504354,3
DAYS_REGISTRATION,0.030695504353312506,3
DAYS_ID_PUBLISH,0.06061978380193225,3
OWN_CAR_AGE,0.07710432358510134,3
FLAG_MOBIL,0.011519321736544004,3
FLAG_EMP_PHONE,-0.004791052926056853,3
FLAG_WORK_PHONE,0.05680566370570954,3
FLAG_CONT_MOBILE,-0.009464997526790263,3
FLAG_PHONE,-0.03680653404289837,3
FLAG_EMAIL,-0.019180978494221335,3
CNT_FAM_MEMBERS,-0.002233682881535906,3
REGION_RATING_CLIENT,-0.01754915972489037,3
REGION_RATING_CLIENT_W_CITY,0.10277110774192386,3
HOUR_APPR_PROCESS_START,-0.02006210022142839,3
REG_REGION_NOT_LIVE_REGION,-0.026845450412080415,3
REG_REGION_NOT_WORK_REGION,0.024712381803789502,3
LIVE_REGION_NOT_WORK_REGION,-0.030132578741901447,3
REG_CITY_NOT_LIVE_CITY,0.06308261119113194,3
REG_CITY_NOT_WORK_CITY,-0.030274019420354265,3
LIVE_CITY_NOT_WORK_CITY,0.022207428926424366,3
EXT_SOURCE_1,-0.07590815160119063,3
EXT_SOURCE_2,-0.38148874824241946,3
EXT_SOURCE_3,-0.38655817055815617,3
APARTMENTS_AVG,-0.012880695209324625,3
BASEMENTAREA_AVG,-0.00558921523154924,3
YEARS_BEGINEXPLUATATION_AVG,0.032598090814680805,3
YEARS_BUILD_AVG,-0.00823671043699247,3
COMMONAREA_AVG,-0.002264800406760181,3
ELEVATORS_AVG,0.005302995591526039,3
ENTRANCES_AVG,-0.015947512642697503,3
FLOORSMAX_AVG,0.09729784038402998,3
FLOORSMIN_AVG,0.00159947052881086,3
LANDAREA_AVG,0.00038114193450439465,3
LIVINGAPARTMENTS_AVG,-0.009300272023753687,3
LIVINGAREA_AVG,0.017284350277946062,3
NONLIVINGAPARTMENTS_AVG,0.010353453687342275,3
NONLIVINGAREA_AVG,-0.006461090404739389,3
APARTMENTS_MODE,-0.012952785331034016,3
BASEMENTAREA_MODE,-0.0055590502275004935,3
YEARS_BEGINEXPLUATATION_MODE,-0.023366928831556676,3
YEARS_BUILD_MODE,-0.008283071653017973,3
COMMONAREA_MODE,-0.0022350275590645517,3
ELEVATORS_MODE,0.00542971291961248,3
ENTRANCES_MODE,-0.01597434707070449,3
FLOORSMAX_MODE,-0.0882586933925459,3
FLOORSMIN_MODE,0.001567435136756319,3
LANDAREA_MODE,0.00035233236971046267,3
LIVINGAPARTMENTS_MODE,-0.00930162122422511,3
LIVINGAREA_MODE,0.01728362892417723,3
NONLIVINGAPARTMENTS_MODE,0.010394742655487895,3
NONLIVINGAREA_MODE,-0.0065364205477971725,3
APARTMENTS_MEDI,-0.012895818978111092,3
BASEMENTAREA_MEDI,-0.005547527194784134,3
YEARS_BEGINEXPLUATATION_MEDI,-0.023850164291207898,3
YEARS_BUILD_MEDI,-0.00826116553169434,3
COMMONAREA_MEDI,-0.002281109228562795,3
ELEVATORS_MEDI,0.005347990646971128,3
ENTRANCES_MEDI,-0.01594274552420934,3
FLOORSMAX_MEDI,-0.027682363726507293,3
FLOORSMIN_MEDI,0.0016026683882245179,3
LANDAREA_MEDI,0.0003620507335140109,3
LIVINGAPARTMENTS_MEDI,-0.009252713689823796,3
LIVINGAREA_MEDI,0.01729283595260695,3
NONLIVINGAPARTMENTS_MEDI,0.010367896733555024,3
NONLIVINGAREA_MEDI,-0.006463955945483582,3
TOTALAREA_MODE,-0.0016058122727000512,3
OBS_30_CNT_SOCIAL_CIRCLE,0.0506205089720754,3
DEF_30_CNT_SOCIAL_CIRCLE,0.05553769757909821,3
OBS_60_CNT_SOCIAL_CIRCLE,-0.06385061430903283,3
DEF_60_CNT_SOCIAL_CIRCLE,0.03158288625325742,3
DAYS_LAST_PHONE_CHANGE,0.05735977909105134,3
FLAG_DOCUMENT_2,0.021428718272770167,3
FLAG_DOCUMENT_3,0.21283497563945095,3
FLAG_DOCUMENT_4,-0.05339779409790054,3
FLAG_DOCUMENT_5,0.05251281866153474,3
FLAG_DOCUMENT_6,0.11670507247343449,3
FLAG_DOCUMENT_7,0.0036492189288365013,3
FLAG_DOCUMENT_8,0.0808902895559116,3
FLAG_DOCUMENT_9,0.014824697315575315,3
FLAG_DOCUMENT_10,-0.032834716959778326,3
FLAG_DOCUMENT_11,-0.006292964299224868,3
FLAG_DOCUMENT_12,-0.008866261526200448,3
FLAG_DOCUMENT_13,-0.03901143270702471,3
FLAG_DOCUMENT_14,-0.033936922295406693,3
FLAG_DOCUMENT_15,-0.0184466213206944,3
FLAG_DOCUMENT_16,-0.04737904530871791,3
FLAG_DOCUMENT_17,-0.008898386890815275,3
FLAG_DOCUMENT_18,-0.04479746752101228,3
FLAG_DOCUMENT_19,-0.0031381100861163622,3
FLAG_DOCUMENT_20,0.005480345832256282,3
FLAG_DOCUMENT_21,-0.0034560156666891386,3
AMT_REQ_CREDIT_BUREAU_HOUR,-0.006421699864102939,3
AMT_REQ_CREDIT_BUREAU_DAY,0.014367354988237312,3
AMT_REQ_CREDIT_BUREAU_WEEK,-0.013480412683165348,3
AMT_REQ_CREDIT_BUREAU_MON,-0.032637337876696974,3
AMT_REQ_CREDIT_BUREAU_QRT,-0.047430227609316845,3
AMT_REQ_CREDIT_BUREAU_YEAR,-0.025969876840489195,3
AMT_ANNUITY_NA,-0.0442820927611784,3
AMT_GOODS_PRICE_NA,0.019677062752426113,3
AGE_YEARS,-0.03804159192512798,3
CREDIT_INCOME_RATIO,0.016708491173389926,3
BUREAU_AMT_CREDIT_SUM_SUM,-0.08672975110427085,3
BUREAU_AMT_CREDIT_SUM_MEAN,-0.028839176936830108,3
BUREAU_AMT_CREDIT_SUM_MAX,-0.0038214581570118335,3
BUREAU_AMT_CREDIT_SUM_MIN,-0.00021512082543645214,3
BUREAU_AMT_CREDIT_SUM_STD,-0.04480433862910085,3
BUREAU_AMT_CREDIT_SUM_DEBT_SUM,0.278642964504742,3
BUREAU_AMT_CREDIT_SUM_DEBT_MEAN,-0.018946489696905107,3
BUREAU_AMT_CREDIT_SUM_DEBT_MAX,-0.312726938425214,3
BUREAU_AMT_CREDIT_SUM_DEBT_MIN,0.04914634245466588,3
BUREAU_AMT_CREDIT_SUM_DEBT_STD,0.10931073029568082,3
BUREAU_AMT_CREDIT_SUM_LIMIT_SUM,0.01132931588609892,3
BUREAU_AMT_CREDIT_SUM_LIMIT_MEAN,0.039878958845645365,3
BUREAU_AMT_CREDIT_SUM_LIMIT_MAX,0.008361194226585739,3
BUREAU_AMT_CREDIT_SUM_LIMIT_MIN,-0.05146323942098272,3
BUREAU_AMT_CREDIT_SUM_LIMIT_STD,-0.10292428831477402,3
BUREAU_AMT_ANNUITY_SUM,-0.008085865884182352,3
BUREAU_AMT_ANNUITY_MEAN,0.002794347983586054,3
BUREAU_AMT_ANNUITY_MAX,0.05688458515099925,3
BUREAU_AMT_ANNUITY_MIN,-0.014083444903630313,3
BUREAU_AMT_ANNUITY_STD,-0.04897324198420506,3
BUREAU_CREDIT_ACTIVE_NUNIQUE,-0.02366380329642013,3
BUREAU_CREDIT_ACTIVE_<LAMBDA_0>,0.10889271735731146,3
PREV_AMT_ANNUITY_SUM,-0.14285807332476969,3
PREV_AMT_ANNUITY_MEAN,-0.079580920304117,3
PREV_AMT_ANNUITY_MAX,-0.1865338658594583,3
PREV_AMT_ANNUITY_MIN,-0.0002638216553304052,3
PREV_AMT_ANNUITY_STD,0.10158035433245836,3
PREV_AMT_APPLICATION_SUM,0.011135139610268656,3
PREV_AMT_APPLICATION_MEAN,0.05959442311404077,3
PREV_AMT_APPLICATION_MAX,0.06485691845668061,3
PREV_AMT_APPLICATION_MIN,-0.06583984172368057,3
PREV_AMT_APPLICATION_STD,-0.14291637085641887,3
PREV_AMT_CREDIT_SUM,0.0565094129735884,3
PREV_AMT_CREDIT_MEAN,0.07884930806364412,3
PREV_AMT_CREDIT_MAX,0.1776014174256842,3
PREV_AMT_CREDIT_MIN,-0.025522941209811717,3
PREV_AMT_CREDIT_STD,-0.045382856599884204,3
PREV_AMT_DOWN_PAYMENT_SUM,-0.055257499331982825,3
PREV_AMT_DOWN_PAYMENT_MEAN,-0.06034278873173392,3
PREV_AMT_DOWN_PAYMENT_MAX,-0.14860360674867598,3
PREV_AMT_DOWN_PAYMENT_MIN,0.1006343341372039,3
PREV_AMT_DOWN_PAYMENT_STD,0.18337386923182503,3
PREV_NAME_CONTRACT_STATUS_<LAMBDA>,0.14076254771819505,3
PREV_DAYS_DECISION_MIN,0.05531667215222891,3
PREV_DAYS_DECISION_MAX,0.019465900699246176,3
INST_DAYS_LATE_MEAN,0.0029067814386061217,3
INST_DAYS_LATE_MAX,-0.011007189540748379,3
INST_DAYS_LATE_SUM,-0.00021864744996034945,3
INST_DAYS_LATE_STD,0.014471257968019522,3
INST_LATE_FLAG_SUM,0.02228614544528281,3
INST_LATE_FLAG_MEAN,0.18598694379272523,3
INST_AMT_PAYMENT_SUM,-0.00586410484877619,3
INST_AMT_PAYMENT_MEAN,-0.037689343829032246,3
INST_AMT_PAYMENT_MAX,0.13014407417853097,3
CC_CC_UTIL_MEAN,-0.01119833518249492,3
CC_CC_UTIL_MAX,0.019132957333879694,3
CC_CC_UTIL_STD,-0.034282418162516225,3
CC_AMT_BALANCE_MEAN,0.061795616447106363,3
CC_AMT_BALANCE_MAX,0.07287579792783296,3
CC_SK_ID_PREV_NUNIQUE,-0.0006066002003094726,3
CC_SK_ID_PREV_COUNT,-0.044312914838811085,3
POS_MONTHS_BALANCE_MIN,0.08197554095500065,3
POS_MONTHS_BALANCE_MAX,-0.0837420912587255,3
POS_MONTHS_BALANCE_COUNT,0.04187088489269938,3
POS_NAME_CONTRACT_STATUS_<LAMBDA>,-0.0999605370211295,3
CREDIT_TO_INCOME,0.016708491173389926,3
ANNUITY_TO_INCOME,0.07653192836286356,3
EMPLOYED_YEARS,-0.07750011330500357,3
NAME_CONTRACT_TYPE_Cash_loans,-0.029705274060937915,3
NAME_CONTRACT_TYPE_Revolving_loans,0.029705274060942293,3
NAME_CONTRACT_TYPE_nan,0.0,3
CODE_GENDER_F,-0.1084245351895939,3
CODE_GENDER_M,0.10854037224020527,3
CODE_GENDER_XNA,-0.019157457951893917,3
CODE_GENDER_nan,0.0,3
FLAG_OWN_CAR_N,0.0966080267763565,3
FLAG_OWN_CAR_Y,-0.09660802677633633,3
FLAG_OWN_CAR_nan,0.0,3
FLAG_OWN_REALTY_N,-0.0007850687385978045,3
FLAG_OWN_REALTY_Y,0.000785068738598136,3
FLAG_OWN_REALTY_nan,0.0,3
NAME_TYPE_SUITE_Children,0.006516501986710708,3
NAME_TYPE_SUITE_Family,-0.0026135745143463325,3
NAME_TYPE_SUITE_Group_of_people,-0.008019326112498852,3
NAME_TYPE_SUITE_Other_A,-0.0019126478652218806,3
NAME_TYPE_SUITE_Other_B,0.008890139882601596,3
NAME_TYPE_SUITE_Spouse_partner,-0.009035822064503244,3
NAME_TYPE_SUITE_Unaccompanied,0.007233570491634575,3
NAME_TYPE_SUITE_nan,-0.019358366985100295,3
NAME_INCOME_TYPE_Businessman,-0.03491502975872796,3
NAME_INCOME_TYPE_Commercial_associate,0.01038685859725698,3
NAME_INCOME_TYPE_Maternity_leave,0.010736593344329609,3
NAME_INCOME_TYPE_Pensioner,-0.07013784573020035,3
NAME_INCOME_TYPE_State_servant,-0.032048587426690575,3
NAME_INCOME_TYPE_Student,-0.057837235788730804,3
NAME_INCOME_TYPE_Unemployed,0.014277646261208879,3
NAME_INCOME_TYPE_Working,0.06259823845845174,3
NAME_INCOME_TYPE_nan,0.0,3
NAME_EDUCATION_TYPE_Academic_degree,-0.033818374718065564,3
NAME_EDUCATION_TYPE_Higher_education,-0.07911955687852104,3
NAME_EDUCATION_TYPE_Incomplete_higher,-0.009576608966225515,3
NAME_EDUCATION_TYPE_Lower_secondary,0.02696206097425606,3
NAME_EDUCATION_TYPE_Secondary__secondary_special,0.07376893997500997,3
NAME_EDUCATION_TYPE_nan,0.0,3
NAME_FAMILY_STATUS_Civil_marriage,0.031289739896436054,3
NAME_FAMILY_STATUS_Married,-0.048037827719717006,3
NAME_FAMILY_STATUS_Separated,0.025286668625168436,3
NAME_FAMILY_STATUS_Single__not_married,0.022600390978959318,3
NAME_FAMILY_STATUS_Unknown,-0.01914387018488741,3
NAME_FAMILY_STATUS_Widow,-0.0016050760960883116,3
NAME_FAMILY_STATUS_nan,0.0,3
NAME_HOUSING_TYPE_Co-op_apartment,0.0013971497371734055,3
NAME_HOUSING_TYPE_House__apartment,-0.012630225216720919,3
NAME_HOUSING_TYPE_Municipal_apartment,0.02424202338748578,3
NAME_HOUSING_TYPE_Office_apartment,-0.01609382957200473,3
NAME_HOUSING_TYPE_Rented_apartment,0.01057426680213351,3
NAME_HOUSING_TYPE_With_parents,-0.002223086763685392,3
NAME_HOUSING_TYPE_nan,0.0,3
WEEKDAY_APPR_PROCESS_START_FRIDAY,0.0032155250552995097,3
WEEKDAY_APPR_PROCESS_START_MONDAY,-0.012366646681431413,3
WEEKDAY_APPR_PROCESS_START_SATURDAY,-0.010685450430127887,3
WEEKDAY_APPR_PROCESS_START_SUNDAY,-0.019720248083094943,3
WEEKDAY_APPR_PROCESS_START_THURSDAY,0.0019831487206360505,3
WEEKDAY_APPR_PROCESS_START_TUESDAY,0.016646288621862005,3
WEEKDAY_APPR_PROCESS_START_WEDNESDAY,0.010874751392778242,3
WEEKDAY_APPR_PROCESS_START_nan,0.0,3
FONDKAPREMONT_MODE_not_specified,0.008710471519011873,3
FONDKAPREMONT_MODE_org_spec_account,-0.01000921780384906,3
FONDKAPREMONT_MODE_reg_oper_account,0.008095536673619532,3
FONDKAPREMONT_MODE_reg_oper_spec_account,-0.013968914557514828,3
FONDKAPREMONT_MODE_nan,-0.0012419709557756394,3
HOUSETYPE_MODE_block_of_flats,0.012020449499563301,3
HOUSETYPE_MODE_specific_housing,0.01093479199484926,3
HOUSETYPE_MODE_terraced_house,0.0001891589126828294,3
HOUSETYPE_MODE_nan,-0.013569376167127292,3
WALLSMATERIAL_MODE_Block,0.003307109838574009,3
WALLSMATERIAL_MODE_Mixed,0.011767439759808927,3
WALLSMATERIAL_MODE_Monolithic,0.0025667666339780014,3
WALLSMATERIAL_MODE_Others,0.013946239971520702,3
WALLSMATERIAL_MODE_Panel,0.0043596657054951705,3
WALLSMATERIAL_MODE_Stone_brick,0.04482861075640204,3
WALLSMATERIAL_MODE_Wooden,-0.0020550484100871594,3
WALLSMATERIAL_MODE_nan,-0.045197617915302385,3
EMERGENCYSTATE_MODE_No,-0.02656414121786745,3
EMERGENCYSTATE_MODE_Yes,-0.0042705678229206,3
EMERGENCYSTATE_MODE_nan,0.02732500090188238,3
OCCUPATION_TYPE_FE,-0.02014226205020342,3
ORGANIZATION_TYPE_FE,0.0454051257473152,3
CNT_CHILDREN,0.01953880905506977,4
AMT_INCOME_TOTAL,0.13548874400698807,4
AMT_CREDIT,0.812825133666589,4
AMT_ANNUITY,0.08026826746408525,4
AMT_GOODS_PRICE,-0.8875296411491307,4
REGION_POPULATION_RELATIVE,0.034223941899616486,4
DAYS_BIRTH,0.037764221488908775,4
DAYS_EMPLOYED,0.08005222147379498,4
DAYS_REGISTRATION,0.031759062628213305,4
DAYS_ID_PUBLISH,0.05994216055568478,4
OWN_CAR_AGE,0.06324645782846268,4
FLAG_MOBIL,0.011535738310867034,4
FLAG_EMP_PHONE,-0.010179463697346694,4
FLAG_WORK_PHONE,0.05824610206541565,4
FLAG_CONT_MOBILE,-0.007946587342877247,4
FLAG_PHONE,-0.044637858181959096,4
FLAG_EMAIL,-0.015212791524733864,4
CNT_FAM_MEMBERS,-0.004143922068156807,4
REGION_RATING_CLIENT,-0.011220634703533383,4
REGION_RATING_CLIENT_W_CITY,0.08893794373610074,4
HOUR_APPR_PROCESS_START,-0.014007639682076424,4
REG_REGION_NOT_LIVE_REGION,-0.03619483831468874,4
REG_REGION_NOT_WORK_REGION,0.03782113599154605,4
LIVE_REGION_NOT_WORK_REGION,-0.04063518220047549,4
REG_CITY_NOT_LIVE_CITY,0.059718015820414604,4
REG_CITY_NOT_WORK_CITY,-0.025067498925551716,4
LIVE_CITY_NOT_WORK_CITY,0.021544526732830853,4
EXT_SOURCE_1,-0.07383081320503175,4
EXT_SOURCE_2,-0.3856634822251354,4
EXT_SOURCE_3,-0.38830668442326893,4
APARTMENTS_AVG,-0.00331385512629081,4
BASEMENTAREA_AVG,-0.002999738970463752,4
YEARS_BEGINEXPLUATATION_AVG,-0.012079373417636534,4
YEARS_BUILD_AVG,-0.012391538849418285,4
COMMONAREA_AVG,0.0018043439763070785,4
ELEVATORS_AVG,0.0051722149390284085,4
ENTRANCES_AVG,-0.0030643557875205574,4
FLOORSMAX_AVG,0.10767785348523166,4
FLOORSMIN_AVG,0.005179128066480736,4
LANDAREA_AVG,-0.0014455698871340113,4
LIVINGAPARTMENTS_AVG,-0.017979989055049446,4
LIVINGAREA_AVG,0.019642385517537796,4
NONLIVINGAPARTMENTS_AVG,0.004119405923895742,4
NONLIVINGAREA_AVG,-0.004939033475338104,4
APARTMENTS_MODE,-0.0033254467128984943,4
BASEMENTAREA_MODE,-0.002989392932639006,4
YEARS_BEGINEXPLUATATION_MODE,0.028541134624684644,4
YEARS_BUILD_MODE,-0.012475512987618847,4
COMMONAREA_MODE,0.0018021394727353811,4
ELEVATORS_MODE,0.0052489483238290025,4
ENTRANCES_MODE,-0.0030687736355786512,4
FLOORSMAX_MODE,-0.07398366899385414,4
FLOORSMIN_MODE,0.005178718914009686,4
LANDAREA_MODE,-0.0015390667462180303,4
LIVINGAPARTMENTS_MODE,-0.017991861977693646,4
LIVINGAREA_MODE,0.019589463329960193,4
NONLIVINGAPARTMENTS_MODE,0.004159586273039131,4
NONLIVINGAREA_MODE,-0.005050987423497916,4
APARTMENTS_MEDI,-0.0033497528444074976,4
BASEMENTAREA_MEDI,-0.0029662217106067273,4
YEARS_BEGINEXPLUATATION_MEDI,-0.027293905655524867,4
YEARS_BUILD_MEDI,-0.012432844247818904,4
COMMONAREA_MEDI,0.0017784773541525511,4
ELEVATORS_MEDI,0.005138038901583784,4
ENTRANCES_MEDI,-0.0030918884707407616,4
FLOORSMAX_MEDI,-0.05226560730427902,4
FLOORSMIN_MEDI,0.005172007003891156,4
LANDAREA_MEDI,-0.0015103677014957804,4
LIVINGAPARTMENTS_MEDI,-0.01796192337722786,4
LIVINGAREA_MEDI,0.019595717364849694,4
NONLIVINGAPARTMENTS_MEDI,0.004125920288405774,4
NONLIVINGAREA_MEDI,-0.005000527034370391,4
TOTALAREA_MODE,0.006717065418314901,4
OBS_30_CNT_SOCIAL_CIRCLE,0.0996742715074173,4
DEF_30_CNT_SOCIAL_CIRCLE,0.05300362343139836,4
OBS_60_CNT_SOCIAL_CIRCLE,-0.09931796570198714,4
DEF_60_CNT_SOCIAL_CIRCLE,0.022270888798582564,4
DAYS_LAST_PHONE_CHANGE,0.056360803036296855,4
FLAG_DOCUMENT_2,0.020442095098842747,4
FLAG_DOCUMENT_3,0.17870313369432536,4
FLAG_DOCUMENT_4,-0.052036069461180966,4
FLAG_DOCUMENT_5,0.027892953339527883,4
FLAG_DOCUMENT_6,0.09038913589758836,4
FLAG_DOCUMENT_7,-0.005827080371549447,4
FLAG_DOCUMENT_8,0.054567712171594625,4
FLAG_DOCUMENT_9,0.0108388024373179,4
FLAG_DOCUMENT_10,-0.03856051099585252,4
FLAG_DOCUMENT_11,-0.011349227169868819,4
FLAG_DOCUMENT_12,-0.012737414158106216,4
FLAG_DOCUMENT_13,-0.06480639071030585,4
FLAG_DOCUMENT_14,-0.03619755292900462,4
FLAG_DOCUMENT_15,-0.020414973117215428,4
FLAG_DOCUMENT_16,-0.03145289063476662,4
FLAG_DOCUMENT_17,-0.10788170166258929,4
FLAG_DOCUMENT_18,-0.041456390279918806,4
FLAG_DOCUMENT_19,-0.0019221595961891097,4
FLAG_DOCUMENT_20,0.004916070591994504,4
FLAG_DOCUMENT_21,0.0018526222017577537,4
AMT_REQ_CREDIT_BUREAU_HOUR,-0.0072538363834265315,4
AMT_REQ_CREDIT_BUREAU_DAY,0.010585591323806341,4
AMT_REQ_CREDIT_BUREAU_WEEK,-0.01827540780299863,4
AMT_REQ_CREDIT_BUREAU_MON,-0.03483027204025567,4
AMT_REQ_CREDIT_BUREAU_QRT,-0.047304395034169756,4
AMT_REQ_CREDIT_BUREAU_YEAR,-0.02474844724511712,4
AMT_ANNUITY_NA,-0.04193812925779665,4
AMT_GOODS_PRICE_NA,0.01697007955426665,4
AGE_YEARS,-0.03267584666117362,4
CREDIT_INCOME_RATIO,0.010071066982954641,4
BUREAU_AMT_CREDIT_SUM_SUM,-0.08662919300279895,4
BUREAU_AMT_CREDIT_SUM_MEAN,-0.007098388090074586,4
BUREAU_AMT_CREDIT_SUM_MAX,0.025955596188112735,4
BUREAU_AMT_CREDIT_SUM_MIN,-0.040996947557964146,4
BUREAU_AMT_CREDIT_SUM_STD,-0.07424101778026755,4
BUREAU_AMT_CREDIT_SUM_DEBT_SUM,0.24708647064190326,4
BUREAU_AMT_CREDIT_SUM_DEBT_MEAN,0.007136932682114797,4
BUREAU_AMT_CREDIT_SUM_DEBT_MAX,-0.282372908048824,4
BUREAU_AMT_CREDIT_SUM_DEBT_MIN,0.041058315647866515,4
BUREAU_AMT_CREDIT_SUM_DEBT_STD,0.08658446929771911,4
BUREAU_AMT_CREDIT_SUM_LIMIT_SUM,-0.04205123086888901,4
BUREAU_AMT_CREDIT_SUM_LIMIT_MEAN,0.03645654339384878,4
BUREAU_AMT_CREDIT_SUM_LIMIT_MAX,0.0664223251371603,4
BUREAU_AMT_CREDIT_SUM_LIMIT_MIN,-0.05313797691159403,4
BUREAU_AMT_CREDIT_SUM_LIMIT_STD,-0.11091216794996157,4
BUREAU_AMT_ANNUITY_SUM,-0.03384019258009063,4
BUREAU_AMT_ANNUITY_MEAN,0.07253491042471022,4
BUREAU_AMT_ANNUITY_MAX,0.07255438928628324,4
BUREAU_AMT_ANNUITY_MIN,-0.039208217549939375,4
BUREAU_AMT_ANNUITY_STD,-0.11588379855648717,4
BUREAU_CREDIT_ACTIVE_NUNIQUE,-0.028888996415609984,4
BUREAU_CREDIT_ACTIVE_<LAMBDA_0>,0.11355928236693738,4
PREV_AMT_ANNUITY_SUM,-0.14737950895407778,4
PREV_AMT_ANNUITY_MEAN,-0.07255935635838326,4
PREV_AMT_ANNUITY_MAX,-0.17228417757505365,4
PREV_AMT_ANNUITY_MIN,-0.006940556267819199,4
PREV_AMT_ANNUITY_STD,0.0753099750632307,4
PREV_AMT_APPLICATION_SUM,-0.044347878886330246,4
PREV_AMT_APPLICATION_MEAN,0.078050389964154,4
PREV_AMT_APPLICATION_MAX,0.10652222881917098,4
PREV_AMT_APPLICATION_MIN,-0.07331433260836895,4
PREV_AMT_APPLICATION_STD,-0.1671384181694844,4
PREV_AMT_CREDIT_SUM,0.10705221535749325,4
PREV_AMT_CREDIT_MEAN,0.08031949103303641,4
PREV_AMT_CREDIT_MAX,0.14934720817062289,4
PREV_AMT_CREDIT_MIN,-0.023515848658553808,4
PREV_AMT_CREDIT_STD,-0.0331211049632339,4
PREV_AMT_DOWN_PAYMENT_SUM,-0.06502840621404388,4
PREV_AMT_DOWN_PAYMENT_MEAN,-0.009797269405897716,4
PREV_AMT_DOWN_PAYMENT_MAX,-0.09414126586550772,4
PREV_AMT_DOWN_PAYMENT_MIN,0.04355507388723657,4
PREV_AMT_DOWN_PAYMENT_STD,0.11862838963138027,4
PREV_NAME_CONTRACT_STATUS_<LAMBDA>,0.13795139593696285,4
PREV_DAYS_DECISION_MIN,0.055700789590846886,4
PREV_DAYS_DECISION_MAX,0.0061283321696972174,4
INST_DAYS_LATE_MEAN,0.0025429846084609347,4
INST_DAYS_LATE_MAX,0.01803219342224177,4
INST_DAYS_LATE_SUM,-0.010762302750026582,4
INST_DAYS_LATE_STD,-0.0054752632681894986,4
INST_LATE_FLAG_SUM,0.0062556522188851734,4
INST_LATE_FLAG_MEAN,0.194809284616174,4
INST_AMT_PAYMENT_SUM,-0.012663358334206653,4
INST_AMT_PAYMENT_MEAN,-0.050711758957682665,4
INST_AMT_PAYMENT_MAX,0.1315730470340912,4
CC_CC_UTIL_MEAN,-0.061588239404233934,4
CC_CC_UTIL_MAX,0.005381379700375757,4
CC_CC_UTIL_STD,0.013660350811078522,4
CC_AMT_BALANCE_MEAN,0.08526059493384926,4
CC_AMT_BALANCE_MAX,0.05810860177762537,4
CC_SK_ID_PREV_NUNIQUE,-0.00534230019887613,4
CC_SK_ID_PREV_COUNT,-0.037881443984453145,4
POS_MONTHS_BALANCE_MIN,0.09308226792146898,4
POS_MONTHS_BALANCE_MAX,-0.08317563313919499,4
POS_MONTHS_BALANCE_COUNT,0.021983444785703597,4
POS_NAME_CONTRACT_STATUS_<LAMBDA>,-0.04932814475630206,4
CREDIT_TO_INCOME,0.010071066982954641,4
ANNUITY_TO_INCOME,0.10507002891683428,4
EMPLOYED_YEARS,-0.08005222147379608,4
NAME_CONTRACT_TYPE_Cash_loans,-0.02619168196550385,4
NAME_CONTRACT_TYPE_Revolving_loans,0.026191681965509184,4
NAME_CONTRACT_TYPE_nan,0.0,4
CODE_GENDER_F,-0.1085809362459846,4
CODE_GENDER_M,0.10881708509614607,4
CODE_GENDER_XNA,-0.02762069311246475,4
CODE_GENDER_nan,0.0,4
FLAG_OWN_CAR_N,0.08760105510086262,4
FLAG_OWN_CAR_Y,-0.08760105510086262,4
FLAG_OWN_CAR_nan,0.0,4
FLAG_OWN_REALTY_N,-0.00023905998730050005,4
FLAG_OWN_REALTY_Y,0.00023905998730267862,4
FLAG_OWN_REALTY_nan,0.0,4
NAME_TYPE_SUITE_Children,0.01129026957590745,4
NAME_TYPE_SUITE_Family,0.0034884889291816245,4
NAME_TYPE_SUITE_Group_of_people,0.0031347506039242972,4
NAME_TYPE_SUITE_Other_A,-0.004880371465335756,4
NAME_TYPE_SUITE_Other_B,0.008550144049598259,4
NAME_TYPE_SUITE_Spouse_partner,-0.014595100338893876,4
NAME_TYPE_SUITE_Unaccompanied,0.0019402952412570934,4
NAME_TYPE_SUITE_nan,-0.013045183866942808,4
NAME_INCOME_TYPE_Businessman,-0.03205672120212983,4
NAME_INCOME_TYPE_Commercial_associate,0.009546363771162787,4
NAME_INCOME_TYPE_Maternity_leave,0.010464497074972748,4
NAME_INCOME_TYPE_Pensioner,-0.07219094824848052,4
NAME_INCOME_TYPE_State_servant,-0.033149768609083786,4
NAME_INCOME_TYPE_Student,-0.058428403613525276,4
NAME_INCOME_TYPE_Unemployed,0.016991586112909164,4
NAME_INCOME_TYPE_Working,0.06535085953200838,4
NAME_INCOME_TYPE_nan,0.0,4
NAME_EDUCATION_TYPE_Academic_degree,-0.028440213449074717,4
NAME_EDUCATION_TYPE_Higher_education,-0.07923440973788283,4
NAME_EDUCATION_TYPE_Incomplete_higher,-0.010526994300568845,4
NAME_EDUCATION_TYPE_Lower_secondary,0.02873216887191936,4
NAME_EDUCATION_TYPE_Secondary__secondary_special,0.07362497970816081,4
NAME_EDUCATION_TYPE_nan,0.0,4
NAME_FAMILY_STATUS_Civil_marriage,0.02784183365757814,4
NAME_FAMILY_STATUS_Married,-0.05413472719694908,4
NAME_FAMILY_STATUS_Separated,0.03942440352045503,4
NAME_FAMILY_STATUS_Single__not_married,0.02309465569878354,4
NAME_FAMILY_STATUS_Unknown,-0.01849372589058221,4
NAME_FAMILY_STATUS_Widow,-0.0001809081831402029,4
NAME_FAMILY_STATUS_nan,0.0,4
NAME_HOUSING_TYPE_Co-op_apartment,-0.006537853620691508,4
NAME_HOUSING_TYPE_House__apartment,-0.00965267849261894,4
NAME_HOUSING_TYPE_Municipal_apartment,0.01817811191432193,4
NAME_HOUSING_TYPE_Office_apartment,-0.01464302331910287,4
NAME_HOUSING_TYPE_Rented_apartment,0.01384156561546488,4
NAME_HOUSING_TYPE_With_parents,-0.0015635726491402783,4
NAME_HOUSING_TYPE_nan,0.0,4
WEEKDAY_APPR_PROCESS_START_FRIDAY,0.004522989646351967,4
WEEKDAY_APPR_PROCESS_START_MONDAY,-0.012774746111762002,4
WEEKDAY_APPR_PROCESS_START_SATURDAY,-0.021242609698208712,4
WEEKDAY_APPR_PROCESS_START_SUNDAY,-0.009860957416147837,4
WEEKDAY_APPR_PROCESS_START_THURSDAY,-0.001285122149003611,4
WEEKDAY_APPR_PROCESS_START_TUESDAY,0.015527767685611074,4
WEEKDAY_APPR_PROCESS_START_WEDNESDAY,0.01729005398247431,4
WEEKDAY_APPR_PROCESS_START_nan,0.0,4
FONDKAPREMONT_MODE_not_specified,0.007965733483272354,4
FONDKAPREMONT_MODE_org_spec_account,-0.015162803267425692,4
FONDKAPREMONT_MODE_reg_oper_account,0.021081133205598783,4
FONDKAPREMONT_MODE_reg_oper_spec_account,-0.005711744379235562,4
FONDKAPREMONT_MODE_nan,-0.014928474894369307,4
HOUSETYPE_MODE_block_of_flats,0.01602979344347317,4
HOUSETYPE_MODE_specific_housing,0.011885251452520727,4
HOUSETYPE_MODE_terraced_house,-0.0009082759195208144,4
HOUSETYPE_MODE_nan,-0.017567789117539506,4
WALLSMATERIAL_MODE_Block,-0.0021299251833902435,4
WALLSMATERIAL_MODE_Mixed,0.004253558109482997,4
WALLSMATERIAL_MODE_Monolithic,-0.011677726859314617,4
WALLSMATERIAL_MODE_Others,0.013389527872130819,4
WALLSMATERIAL_MODE_Panel,-0.018600054523830994,4
WALLSMATERIAL_MODE_Stone_brick,0.022863751714543367,4
WALLSMATERIAL_MODE_Wooden,0.005530815246653702,4
WALLSMATERIAL_MODE_nan,-0.005059567289214356,4
EMERGENCYSTATE_MODE_No,-0.03603884523828988,4
EMERGENCYSTATE_MODE_Yes,-0.005495039349588951,4
EMERGENCYSTATE_MODE_nan,0.03701575725638851,4
OCCUPATION_TYPE_FE,-0.011796380980443914,4
ORGANIZATION_TYPE_FE,0.044217214703275505,4
CNT_CHILDREN,0.012221129269357386,5
AMT_INCOME_TOTAL,0.09277365381208767,5
AMT_CREDIT,0.7838507714641759,5
AMT_ANNUITY,0.12719582057592232,5
AMT_GOODS_PRICE,-0.8943308786740388,5
REGION_POPULATION_RELATIVE,0.033362068200184995,5
DAYS_BIRTH,0.042586984676107636,5
DAYS_EMPLOYED,0.0710579221679842,5
DAYS_REGISTRATION,0.0304313411647758,5
DAYS_ID_PUBLISH,0.06306459248450512,5
OWN_CAR_AGE,0.08745150630285008,5
FLAG_MOBIL,0.011544993797975822,5
FLAG_EMP_PHONE,-0.018825026079158095,5
FLAG_WORK_PHONE,0.05715573198073552,5
FLAG_CONT_MOBILE,-0.01296916692825814,5
FLAG_PHONE,-0.040287474270855994,5
FLAG_EMAIL,-0.02144664002715049,5
CNT_FAM_MEMBERS,-0.005588350859135675,5
REGION_RATING_CLIENT,-0.02727080385312036,5
REGION_RATING_CLIENT_W_CITY,0.10893068646775661,5
HOUR_APPR_PROCESS_START,-0.0005269167905428947,5
REG_REGION_NOT_LIVE_REGION,-0.025661915990597063,5
REG_REGION_NOT_WORK_REGION,0.016630644361602505,5
LIVE_REGION_NOT_WORK_REGION,-0.02078172400136012,5
REG_CITY_NOT_LIVE_CITY,0.04962304463399266,5
REG_CITY_NOT_WORK_CITY,-0.019272407910169424,5
LIVE_CITY_NOT_WORK_CITY,0.016592147639795884,5
EXT_SOURCE_1,-0.06631412784438954,5
EXT_SOURCE_2,-0.386291753095757,5
EXT_SOURCE_3,-0.38149687523598347,5
APARTMENTS_AVG,-0.0020459734940156188,5
BASEMENTAREA_AVG,-0.0028791798189946862,5
YEARS_BEGINEXPLUATATION_AVG,0.056835643214624684,5
YEARS_BUILD_AVG,-0.010891817072222948,5
COMMONAREA_AVG,-0.0008854055062932943,5
ELEVATORS_AVG,0.007528548674248492,5
ENTRANCES_AVG,0.010783356520254417,5
FLOORSMAX_AVG,-0.07566189035372206,5
FLOORSMIN_AVG,0.005732838685868021,5
LANDAREA_AVG,-0.0008393546101638755,5
LIVINGAPARTMENTS_AVG,-0.021228314809233075,5
LIVINGAREA_AVG,0.013770436035300359,5
NONLIVINGAPARTMENTS_AVG,0.01014849515876963,5
NONLIVINGAREA_AVG,-0.0075420500209999975,5
APARTMENTS_MODE,-0.0020094991463848926,5
BASEMENTAREA_MODE,-0.0028953542713508955,5
YEARS_BEGINEXPLUATATION_MODE,-0.02727326144638446,5
YEARS_BUILD_MODE,-0.010955056675559266,5
COMMONAREA_MODE,-0.0008778569779846301,5
ELEVATORS_MODE,0.00759051692904467,5
ENTRANCES_MODE,0.010796071684118806,5
FLOORSMAX_MODE,-0.012692102917134648,5
FLOORSMIN_MODE,0.005701249065789866,5
LANDAREA_MODE,-0.0009103390352661609,5
LIVINGAPARTMENTS_MODE,-0.021258329212612864,5
LIVINGAREA_MODE,0.013751945414796548,5
NONLIVINGAPARTMENTS_MODE,0.010171096626684998,5
NONLIVINGAREA_MODE,-0.007652955186977157,5
APARTMENTS_MEDI,-0.002014123707533278,5
BASEMENTAREA_MEDI,-0.002850873381714651,5
YEARS_BEGINEXPLUATATION_MEDI,-0.044137456417534776,5
YEARS_BUILD_MEDI,-0.010914168038701886,5
COMMONAREA_MEDI,-0.0009118352678995282,5
ELEVATORS_MEDI,0.007552597637118158,5
ENTRANCES_MEDI,0.010773033527331688,5
FLOORSMAX_MEDI,0.05752288623141334,5
FLOORSMIN_MEDI,0.005750501164131928,5
LANDAREA_MEDI,-0.0008661520290226943,5
LIVINGAPARTMENTS_MEDI,-0.021206157562289413,5
LIVINGAREA_MEDI,0.013744890776697547,5
NONLIVINGAPARTMENTS_MEDI,0.010146799751878195,5
NONLIVINGAREA_MEDI,-0.007569033518942962,5
TOTALAREA_MODE,-0.003185894353411252,5
OBS_30_CNT_SOCIAL_CIRCLE,0.055769236581539226,5
DEF_30_CNT_SOCIAL_CIRCLE,0.04639127910247031,5
OBS_60_CNT_SOCIAL_CIRCLE,-0.055542480995014964,5
DEF_60_CNT_SOCIAL_CIRCLE,0.03658763635495488,5
DAYS_LAST_PHONE_CHANGE,0.04984309217056383,5
FLAG_DOCUMENT_2,0.02218082478293473,5
FLAG_DOCUMENT_3,0.16642170169662285,5
FLAG_DOCUMENT_4,-0.053009703122054275,5
FLAG_DOCUMENT_5,0.035007918287698954,5
FLAG_DOCUMENT_6,0.08491292373072792,5
FLAG_DOCUMENT_7,-0.0016000730833399149,5
FLAG_DOCUMENT_8,0.05147479089642602,5
FLAG_DOCUMENT_9,0.015444372705496924,5
FLAG_DOCUMENT_10,-0.03597038090989905,5
FLAG_DOCUMENT_11,-0.004049325390593603,5
FLAG_DOCUMENT_12,-0.013404740576347713,5
FLAG_DOCUMENT_13,-0.038662521474479794,5
FLAG_DOCUMENT_14,-0.04059901575632578,5
FLAG_DOCUMENT_15,-0.01776999824062374,5
FLAG_DOCUMENT_16,-0.04523245221720051,5
FLAG_DOCUMENT_17,-0.006609744593268523,5
FLAG_DOCUMENT_18,-0.041769156836392346,5
FLAG_DOCUMENT_19,-0.0026105055018936373,5
FLAG_DOCUMENT_20,0.007174234042358578,5
FLAG_DOCUMENT_21,0.004840332861412918,5
AMT_REQ_CREDIT_BUREAU_HOUR,0.0029062159689987087,5
AMT_REQ_CREDIT_BUREAU_DAY,0.018011235590350515,5
AMT_REQ_CREDIT_BUREAU_WEEK,-0.016216072039918292,5
AMT_REQ_CREDIT_BUREAU_MON,-0.035060327053984534,5
AMT_REQ_CREDIT_BUREAU_QRT,-0.06228735489067887,5
AMT_REQ_CREDIT_BUREAU_YEAR,-0.01398868454840017,5
AMT_ANNUITY_NA,-0.04287151690483333,5
AMT_GOODS_PRICE_NA,0.012389351417134667,5
AGE_YEARS,-0.040653041697186684,5
CREDIT_INCOME_RATIO,0.027825832899853103,5
BUREAU_AMT_CREDIT_SUM_SUM,-0.06760014938423486,5
BUREAU_AMT_CREDIT_SUM_MEAN,-0.004278172124958125,5
BUREAU_AMT_CREDIT_SUM_MAX,-0.06570382895351345,5
BUREAU_AMT_CREDIT_SUM_MIN,-0.015500387978504362,5
BUREAU_AMT_CREDIT_SUM_STD,0.004849092809258016,5
BUREAU_AMT_CREDIT_SUM_DEBT_SUM,0.20824527541082016,5
BUREAU_AMT_CREDIT_SUM_DEBT_MEAN,-0.0975681313406606,5
BUREAU_AMT_CREDIT_SUM_DEBT_MAX,-0.24413751800837813,5
BUREAU_AMT_CREDIT_SUM_DEBT_MIN,0.11256219467951746,5
BUREAU_AMT_CREDIT_SUM_DEBT_STD,0.14368709520915318,5
BUREAU_AMT_CREDIT_SUM_LIMIT_SUM,0.00813245140629369,5
BUREAU_AMT_CREDIT_SUM_LIMIT_MEAN,-0.007825118589622685,5
BUREAU_AMT_CREDIT_SUM_LIMIT_MAX,0.03638620786712839,5
BUREAU_AMT_CREDIT_SUM_LIMIT_MIN,-0.02953642148335933,5
BUREAU_AMT_CREDIT_SUM_LIMIT_STD,-0.10050951189135765,5
BUREAU_AMT_ANNUITY_SUM,-0.007100401137008895,5
BUREAU_AMT_ANNUITY_MEAN,-0.006503880894965094,5
BUREAU_AMT_ANNUITY_MAX,0.038364278842849285,5
BUREAU_AMT_ANNUITY_MIN,-0.005264858017617572,5
BUREAU_AMT_ANNUITY_STD,-0.022261807246575675,5
BUREAU_CREDIT_ACTIVE_NUNIQUE,-0.01006311585088972,5
BUREAU_CREDIT_ACTIVE_<LAMBDA_0>,0.10895229086739851,5
PREV_AMT_ANNUITY_SUM,-0.145563543127352,5
PREV_AMT_ANNUITY_MEAN,-0.03933769546359811,5
PREV_AMT_ANNUITY_MAX,-0.16353234384645168,5
PREV_AMT_ANNUITY_MIN,-0.03778524568070224,5
PREV_AMT_ANNUITY_STD,0.05478877734391721,5
PREV_AMT_APPLICATION_SUM,0.009954485502445274,5
PREV_AMT_APPLICATION_MEAN,0.013818488508952495,5
PREV_AMT_APPLICATION_MAX,0.09857751006972773,5
PREV_AMT_APPLICATION_MIN,-0.05838970366539179,5
PREV_AMT_APPLICATION_STD,-0.15528256858621495,5
PREV_AMT_CREDIT_SUM,0.062265248238346796,5
PREV_AMT_CREDIT_MEAN,0.12817503722524137,5
PREV_AMT_CREDIT_MAX,0.1452933103180218,5
PREV_AMT_CREDIT_MIN,-0.02329375831985972,5
PREV_AMT_CREDIT_STD,-0.03154764599438977,5
PREV_AMT_DOWN_PAYMENT_SUM,-0.07545217766767212,5
PREV_AMT_DOWN_PAYMENT_MEAN,-0.010085856121265741,5
PREV_AMT_DOWN_PAYMENT_MAX,-0.11009903648708765,5
PREV_AMT_DOWN_PAYMENT_MIN,0.05796396826254079,5
PREV_AMT_DOWN_PAYMENT_STD,0.1242491797998433,5
PREV_NAME_CONTRACT_STATUS_<LAMBDA>,0.13036413726918775,5
PREV_DAYS_DECISION_MIN,0.053295979234965714,5
PREV_DAYS_DECISION_MAX,0.012377935673974452,5
INST_DAYS_LATE_MEAN,-0.003574169952931816,5
INST_DAYS_LATE_MAX,0.0015656713559787996,5
INST_DAYS_LATE_SUM,0.0005501469041111922,5
INST_DAYS_LATE_STD,0.003225970384855894,5
INST_LATE_FLAG_SUM,0.010474633132886095,5
INST_LATE_FLAG_MEAN,0.19700748571594925,5
INST_AMT_PAYMENT_SUM,-0.02794521525642401,5
INST_AMT_PAYMENT_MEAN,-0.03954275082163593,5
INST_AMT_PAYMENT_MAX,0.13958593986568682,5
CC_CC_UTIL_MEAN,-0.01025936224492768,5
CC_CC_UTIL_MAX,0.0159794928870161,5
CC_CC_UTIL_STD,-0.02918893874963276,5
CC_AMT_BALANCE_MEAN,0.08104924251352136,5
CC_AMT_BALANCE_MAX,0.055245719864190544,5
CC_SK_ID_PREV_NUNIQUE,-0.009416725483582198,5
CC_SK_ID_PREV_COUNT,-0.027827546458772,5
POS_MONTHS_BALANCE_MIN,0.10408608472533942,5
POS_MONTHS_BALANCE_MAX,-0.08694036357249361,5
POS_MONTHS_BALANCE_COUNT,0.007357234545051538,5
POS_NAME_CONTRACT_STATUS_<LAMBDA>,-0.03501114334498984,5
CREDIT_TO_INCOME,0.027825832899853103,5
ANNUITY_TO_INCOME,0.053021686870520765,5
EMPLOYED_YEARS,-0.07105792216797588,5
NAME_CONTRACT_TYPE_Cash_loans,-0.022776931315949968,5
NAME_CONTRACT_TYPE_Revolving_loans,0.02277693131594164,5
NAME_CONTRACT_TYPE_nan,0.0,5
CODE_GENDER_F,-0.11271421014096639,5
CODE_GENDER_M,0.11283568143663927,5
CODE_GENDER_XNA,-0.020100504416647628,5
CODE_GENDER_nan,0.0,5
FLAG_OWN_CAR_N,0.10314103155235177,5
FLAG_OWN_CAR_Y,-0.10314103155234569,5
FLAG_OWN_CAR_nan,0.0,5
FLAG_OWN_REALTY_N,-0.004993224563614131,5
FLAG_OWN_REALTY_Y,0.004993224563614131,5
FLAG_OWN_REALTY_nan,0.0,5
NAME_TYPE_SUITE_Children,0.013757161973990273,5
NAME_TYPE_SUITE_Family,2.2302293128836356e-05,5
NAME_TYPE_SUITE_Group_of_people,-0.001240356467387042,5
NAME_TYPE_SUITE_Other_A,-0.0033832219283738145,5
NAME_TYPE_SUITE_Other_B,0.00851048598061006,5
NAME_TYPE_SUITE_Spouse_partner,-0.013053173457339674,5
NAME_TYPE_SUITE_Unaccompanied,0.002559977381458834,5
NAME_TYPE_SUITE_nan,-0.006056094942527434,5
NAME_INCOME_TYPE_Businessman,-0.032391964666911244,5
NAME_INCOME_TYPE_Commercial_associate,0.0178328557095705,5
NAME_INCOME_TYPE_Maternity_leave,0.0072773172047674445,5
NAME_INCOME_TYPE_Pensioner,-0.07619452105616827,5
NAME_INCOME_TYPE_State_servant,-0.03092266784672955,5
NAME_INCOME_TYPE_Student,-0.05335232900367949,5
NAME_INCOME_TYPE_Unemployed,0.015436744475627174,5
NAME_INCOME_TYPE_Working,0.060246511263581215,5
NAME_INCOME_TYPE_nan,0.0,5
NAME_EDUCATION_TYPE_Academic_degree,-0.056223639807121265,5
NAME_EDUCATION_TYPE_Higher_education,-0.08036373598353341,5
NAME_EDUCATION_TYPE_Incomplete_higher,-0.017130127268248082,5
NAME_EDUCATION_TYPE_Lower_secondary,0.036230810227569264,5
NAME_EDUCATION_TYPE_Secondary__secondary_special,0.07665540646301464,5
NAME_EDUCATION_TYPE_nan,0.0,5
NAME_FAMILY_STATUS_Civil_marriage,0.030874487824214876,5
NAME_FAMILY_STATUS_Married,-0.04801773641346055,5
NAME_FAMILY_STATUS_Separated,0.03186266523960149,5
NAME_FAMILY_STATUS_Single__not_married,0.01809509354618147,5
NAME_FAMILY_STATUS_Unknown,0.0,5
NAME_FAMILY_STATUS_Widow,-0.0013885244977622888,5
NAME_FAMILY_STATUS_nan,0.0,5
NAME_HOUSING_TYPE_Co-op_apartment,-0.0043984803361912265,5
NAME_HOUSING_TYPE_House__apartment,-0.011739458310817064,5
NAME_HOUSING_TYPE_Municipal_apartment,0.025191096322156225,5
NAME_HOUSING_TYPE_Office_apartment,-0.021749159254585825,5
NAME_HOUSING_TYPE_Rented_apartment,0.007515999738280362,5
NAME_HOUSING_TYPE_With_parents,0.001448961784548188,5
NAME_HOUSING_TYPE_nan,0.0,5
WEEKDAY_APPR_PROCESS_START_FRIDAY,0.009009392895973887,5
WEEKDAY_APPR_PROCESS_START_MONDAY,-0.014984969751903597,5
WEEKDAY_APPR_PROCESS_START_SATURDAY,-0.022583083242012577,5
WEEKDAY_APPR_PROCESS_START_SUNDAY,-0.030199016557112716,5
WEEKDAY_APPR_PROCESS_START_THURSDAY,0.009565955474662463,5
WEEKDAY_APPR_PROCESS_START_TUESDAY,0.01856027186426749,5
WEEKDAY_APPR_PROCESS_START_WEDNESDAY,0.014519659356681204,5
WEEKDAY_APPR_PROCESS_START_nan,0.0,5
FONDKAPREMONT_MODE_not_specified,0.011067130499305368,5
FONDKAPREMONT_MODE_org_spec_account,0.0003818978184690901,5
FONDKAPREMONT_MODE_reg_oper_account,0.02132902313378182,5
FONDKAPREMONT_MODE_reg_oper_spec_account,-0.012123947732254035,5
FONDKAPREMONT_MODE_nan,-0.01783822824830589,5
HOUSETYPE_MODE_block_of_flats,0.003590811724188268,5
HOUSETYPE_MODE_specific_housing,0.01194708403507737,5
HOUSETYPE_MODE_terraced_house,0.0019138710783462509,5
HOUSETYPE_MODE_nan,-0.005507462961140416,5
WALLSMATERIAL_MODE_Block,-0.000584919298313931,5
WALLSMATERIAL_MODE_Mixed,0.007106425003436434,5
WALLSMATERIAL_MODE_Monolithic,-0.009739783052936733,5
WALLSMATERIAL_MODE_Others,0.014616192195663262,5
WALLSMATERIAL_MODE_Panel,-0.01362423435098607,5
WALLSMATERIAL_MODE_Stone_brick,0.01062635866232818,5
WALLSMATERIAL_MODE_Wooden,-0.005110587692791603,5
WALLSMATERIAL_MODE_nan,0.002209481743923902,5
EMERGENCYSTATE_MODE_No,-0.036525760445378544,5
EMERGENCYSTATE_MODE_Yes,-0.0027850087579312875,5
EMERGENCYSTATE_MODE_nan,0.03703800069542594,5
OCCUPATION_TYPE_FE,-0.017799775650654995,5
ORGANIZATION_TYPE_FE,0.046408936411767084,5
